"filename", "language", "JavaScript", "Markdown", "JSON", "TypeScript", "JSON with Comments", "TypeScript JSX", "HTML", "XML", "CSS", "MS SQL", "PowerShell", "comment", "blank", "total"
"c:\omnora OS\QUICK_START.md", "Markdown", 0, 142, 0, 0, 0, 0, 0, 0, 0, 0, 0, 0, 78, 220
"c:\omnora OS\api\index.js", "JavaScript", 2, 0, 0, 0, 0, 0, 0, 0, 0, 0, 0, 3, 2, 7
"c:\omnora OS\api\storefront.js", "JavaScript", 101, 0, 0, 0, 0, 0, 0, 0, 0, 0, 0, 16, 17, 134
"c:\omnora OS\audit-routes.js", "JavaScript", 24, 0, 0, 0, 0, 0, 0, 0, 0, 0, 0, 0, 8, 32
"c:\omnora OS\backend\BULLMQ_STATUS.md", "Markdown", 0, 104, 0, 0, 0, 0, 0, 0, 0, 0, 0, 0, 32, 136
"c:\omnora OS\backend\COLLECTION_PAGE_FIX.md", "Markdown", 0, 99, 0, 0, 0, 0, 0, 0, 0, 0, 0, 0, 22, 121
"c:\omnora OS\backend\MONGODB_SETUP.md", "Markdown", 0, 112, 0, 0, 0, 0, 0, 0, 0, 0, 0, 0, 53, 165
"c:\omnora OS\backend\PRODUCTION_READINESS.md", "Markdown", 0, 112, 0, 0, 0, 0, 0, 0, 0, 0, 0, 0, 34, 146
"c:\omnora OS\backend\README.md", "Markdown", 0, 82, 0, 0, 0, 0, 0, 0, 0, 0, 0, 0, 29, 111
"c:\omnora OS\backend\SECURITY_FIXES.md", "Markdown", 0, 86, 0, 0, 0, 0, 0, 0, 0, 0, 0, 0, 22, 108
"c:\omnora OS\backend\bootstrap.js", "JavaScript", 76, 0, 0, 0, 0, 0, 0, 0, 0, 0, 0, 11, 19, 106
"c:\omnora OS\backend\check_products.js", "JavaScript", 30, 0, 0, 0, 0, 0, 0, 0, 0, 0, 0, 1, 10, 41
"c:\omnora OS\backend\check_status.js", "JavaScript", 7, 0, 0, 0, 0, 0, 0, 0, 0, 0, 0, 0, 1, 8
"c:\omnora OS\backend\check_users.js", "JavaScript", 14, 0, 0, 0, 0, 0, 0, 0, 0, 0, 0, 0, 4, 18
"c:\omnora OS\backend\config\env.js", "JavaScript", 122, 0, 0, 0, 0, 0, 0, 0, 0, 0, 0, 5, 19, 146
"c:\omnora OS\backend\controllers\adminController.js", "JavaScript", 194, 0, 0, 0, 0, 0, 0, 0, 0, 0, 0, 4, 30, 228
"c:\omnora OS\backend\controllers\analyticsController.js", "JavaScript", 75, 0, 0, 0, 0, 0, 0, 0, 0, 0, 0, 3, 16, 94
"c:\omnora OS\backend\controllers\authController.js", "JavaScript", 212, 0, 0, 0, 0, 0, 0, 0, 0, 0, 0, 30, 30, 272
"c:\omnora OS\backend\controllers\cartController.js", "JavaScript", 217, 0, 0, 0, 0, 0, 0, 0, 0, 0, 0, 0, 32, 249
"c:\omnora OS\backend\controllers\contactController.js", "JavaScript", 64, 0, 0, 0, 0, 0, 0, 0, 0, 0, 0, 3, 14, 81
"c:\omnora OS\backend\controllers\domainController.js", "JavaScript", 100, 0, 0, 0, 0, 0, 0, 0, 0, 0, 0, 2, 15, 117
"c:\omnora OS\backend\controllers\inventoryController.js", "JavaScript", 354, 0, 0, 0, 0, 0, 0, 0, 0, 0, 0, 4, 48, 406
"c:\omnora OS\backend\controllers\mediaController.js", "JavaScript", 59, 0, 0, 0, 0, 0, 0, 0, 0, 0, 0, 1, 11, 71
"c:\omnora OS\backend\controllers\newsletterController.js", "JavaScript", 59, 0, 0, 0, 0, 0, 0, 0, 0, 0, 0, 3, 12, 74
"c:\omnora OS\backend\controllers\orderController.js", "JavaScript", 606, 0, 0, 0, 0, 0, 0, 0, 0, 0, 0, 49, 93, 748
"c:\omnora OS\backend\controllers\paymentController.js", "JavaScript", 148, 0, 0, 0, 0, 0, 0, 0, 0, 0, 0, 8, 19, 175
"c:\omnora OS\backend\controllers\phase1Controller.js", "JavaScript", 467, 0, 0, 0, 0, 0, 0, 0, 0, 0, 0, 12, 93, 572
"c:\omnora OS\backend\controllers\phase2Controller.js", "JavaScript", 687, 0, 0, 0, 0, 0, 0, 0, 0, 0, 0, 36, 131, 854
"c:\omnora OS\backend\controllers\phase3Controller.js", "JavaScript", 808, 0, 0, 0, 0, 0, 0, 0, 0, 0, 0, 54, 155, 1017
"c:\omnora OS\backend\controllers\productController.js", "JavaScript", 328, 0, 0, 0, 0, 0, 0, 0, 0, 0, 0, 13, 42, 383
"c:\omnora OS\backend\controllers\recommendationController.js", "JavaScript", 213, 0, 0, 0, 0, 0, 0, 0, 0, 0, 0, 1, 32, 246
"c:\omnora OS\backend\controllers\reviewController.js", "JavaScript", 333, 0, 0, 0, 0, 0, 0, 0, 0, 0, 0, 6, 51, 390
"c:\omnora OS\backend\controllers\searchController.js", "JavaScript", 203, 0, 0, 0, 0, 0, 0, 0, 0, 0, 0, 2, 24, 229
"c:\omnora OS\backend\controllers\userController.js", "JavaScript", 200, 0, 0, 0, 0, 0, 0, 0, 0, 0, 0, 2, 34, 236
"c:\omnora OS\backend\controllers\webhookController.js", "JavaScript", 143, 0, 0, 0, 0, 0, 0, 0, 0, 0, 0, 18, 22, 183
"c:\omnora OS\backend\controllers\wishlistController.js", "JavaScript", 357, 0, 0, 0, 0, 0, 0, 0, 0, 0, 0, 2, 52, 411
"c:\omnora OS\backend\data\admin_action_logs.json", "JSON", 0, 0, 1, 0, 0, 0, 0, 0, 0, 0, 0, 0, 0, 1
"c:\omnora OS\backend\data\defaultProducts.js", "JavaScript", 87, 0, 0, 0, 0, 0, 0, 0, 0, 0, 0, 2, 3, 92
"c:\omnora OS\backend\data\event.json", "JSON", 0, 0, 9520, 0, 0, 0, 0, 0, 0, 0, 0, 0, 0, 9520
"c:\omnora OS\backend\data\orders.json", "JSON", 0, 0, 1, 0, 0, 0, 0, 0, 0, 0, 0, 0, 0, 1
"c:\omnora OS\backend\data\product.json", "JSON", 0, 0, 10687, 0, 0, 0, 0, 0, 0, 0, 0, 0, 0, 10687
"c:\omnora OS\backend\data\products.json", "JSON", 0, 0, 80, 0, 0, 0, 0, 0, 0, 0, 0, 0, 0, 80
"c:\omnora OS\backend\data\sitecontent.json", "JSON", 0, 0, 574, 0, 0, 0, 0, 0, 0, 0, 0, 0, 0, 574
"c:\omnora OS\backend\data\user.json", "JSON", 0, 0, 290, 0, 0, 0, 0, 0, 0, 0, 0, 0, 0, 290
"c:\omnora OS\backend\data\users.json", "JSON", 0, 0, 26, 0, 0, 0, 0, 0, 0, 0, 0, 0, 0, 26
"c:\omnora OS\backend\docs\API_OPERATIONS.md", "Markdown", 0, 42, 0, 0, 0, 0, 0, 0, 0, 0, 0, 0, 18, 60
"c:\omnora OS\backend\docs\RUNBOOK_ARCHITECTURE.md", "Markdown", 0, 32, 0, 0, 0, 0, 0, 0, 0, 0, 0, 0, 19, 51
"c:\omnora OS\backend\ecosystem.config.js", "JavaScript", 53, 0, 0, 0, 0, 0, 0, 0, 0, 0, 0, 0, 2, 55
"c:\omnora OS\backend\email-templates\order-cancelled.html", "HTML", 0, 0, 0, 0, 0, 0, 60, 0, 0, 0, 0, 0, 11, 71
"c:\omnora OS\backend\email-templates\order-delivered.html", "HTML", 0, 0, 0, 0, 0, 0, 60, 0, 0, 0, 0, 0, 10, 70
"c:\omnora OS\backend\email-templates\order-placed.html", "HTML", 0, 0, 0, 0, 0, 0, 71, 0, 0, 0, 0, 0, 12, 83
"c:\omnora OS\backend\email-templates\order-shipped.html", "HTML", 0, 0, 0, 0, 0, 0, 69, 0, 0, 0, 0, 0, 12, 81
"c:\omnora OS\backend\email-templates\payment-approved.html", "HTML", 0, 0, 0, 0, 0, 0, 69, 0, 0, 0, 0, 0, 12, 81
"c:\omnora OS\backend\jobs\cleanupInitiatedOrders.js", "JavaScript", 96, 0, 0, 0, 0, 0, 0, 0, 0, 0, 0, 6, 19, 121
"c:\omnora OS\backend\list_merchants.js", "JavaScript", 18, 0, 0, 0, 0, 0, 0, 0, 0, 0, 0, 0, 7, 25
"c:\omnora OS\backend\middleware\auth.js", "JavaScript", 113, 0, 0, 0, 0, 0, 0, 0, 0, 0, 0, 2, 22, 137
"c:\omnora OS\backend\middleware\authEnhanced.js", "JavaScript", 1, 0, 0, 0, 0, 0, 0, 0, 0, 0, 0, 0, 1, 2
"c:\omnora OS\backend\middleware\authMiddleware.js", "JavaScript", 12, 0, 0, 0, 0, 0, 0, 0, 0, 0, 0, 0, 2, 14
"c:\omnora OS\backend\middleware\gatekeeper.js", "JavaScript", 102, 0, 0, 0, 0, 0, 0, 0, 0, 0, 0, 11, 22, 135
"c:\omnora OS\backend\middleware\rateLimiter.js", "JavaScript", 28, 0, 0, 0, 0, 0, 0, 0, 0, 0, 0, 0, 7, 35
"c:\omnora OS\backend\middleware\validate.js", "JavaScript", 15, 0, 0, 0, 0, 0, 0, 0, 0, 0, 0, 0, 4, 19
"c:\omnora OS\backend\modules\ai-forge\ai-forge.controller.js", "JavaScript", 47, 0, 0, 0, 0, 0, 0, 0, 0, 0, 0, 0, 6, 53
"c:\omnora OS\backend\modules\ai-forge\ai-forge.routes.js", "JavaScript", 14, 0, 0, 0, 0, 0, 0, 0, 0, 0, 0, 1, 5, 20
"c:\omnora OS\backend\modules\ai-forge\ai-forge.service.js", "JavaScript", 130, 0, 0, 0, 0, 0, 0, 0, 0, 0, 0, 14, 26, 170
"c:\omnora OS\backend\modules\analytics\analytics.controller.js", "JavaScript", 32, 0, 0, 0, 0, 0, 0, 0, 0, 0, 0, 0, 4, 36
"c:\omnora OS\backend\modules\analytics\analytics.routes.js", "JavaScript", 11, 0, 0, 0, 0, 0, 0, 0, 0, 0, 0, 2, 5, 18
"c:\omnora OS\backend\modules\analytics\analytics.service.js", "JavaScript", 38, 0, 0, 0, 0, 0, 0, 0, 0, 0, 0, 0, 6, 44
"c:\omnora OS\backend\modules\checkout\checkout.controller.js", "JavaScript", 46, 0, 0, 0, 0, 0, 0, 0, 0, 0, 0, 0, 5, 51
"c:\omnora OS\backend\modules\checkout\checkout.routes.js", "JavaScript", 11, 0, 0, 0, 0, 0, 0, 0, 0, 0, 0, 2, 5, 18
"c:\omnora OS\backend\modules\checkout\checkout.service.js", "JavaScript", 82, 0, 0, 0, 0, 0, 0, 0, 0, 0, 0, 6, 13, 101
"c:\omnora OS\backend\modules\tenant\tenant.controller.js", "JavaScript", 39, 0, 0, 0, 0, 0, 0, 0, 0, 0, 0, 2, 7, 48
"c:\omnora OS\backend\modules\tenant\tenant.routes.js", "JavaScript", 12, 0, 0, 0, 0, 0, 0, 0, 0, 0, 0, 2, 5, 19
"c:\omnora OS\backend\modules\tenant\tenant.service.js", "JavaScript", 58, 0, 0, 0, 0, 0, 0, 0, 0, 0, 0, 2, 13, 73
"c:\omnora OS\backend\package-lock.json", "JSON", 0, 0, 9330, 0, 0, 0, 0, 0, 0, 0, 0, 0, 1, 9331
"c:\omnora OS\backend\package-production.json", "JSON", 0, 0, 71, 0, 0, 0, 0, 0, 0, 0, 0, 0, 1, 72
"c:\omnora OS\backend\package.json", "JSON", 0, 0, 57, 0, 0, 0, 0, 0, 0, 0, 0, 0, 1, 58
"c:\omnora OS\backend\routes\adminRoutes.js", "JavaScript", 20, 0, 0, 0, 0, 0, 0, 0, 0, 0, 0, 5, 7, 32
"c:\omnora OS\backend\routes\authRoutes.js", "JavaScript", 13, 0, 0, 0, 0, 0, 0, 0, 0, 0, 0, 2, 4, 19
"c:\omnora OS\backend\routes\cartRoutes.js", "JavaScript", 15, 0, 0, 0, 0, 0, 0, 0, 0, 0, 0, 1, 4, 20
"c:\omnora OS\backend\routes\contactRoutes.js", "JavaScript", 9, 0, 0, 0, 0, 0, 0, 0, 0, 0, 0, 2, 3, 14
"c:\omnora OS\backend\routes\domainRoutes.js", "JavaScript", 7, 0, 0, 0, 0, 0, 0, 0, 0, 0, 0, 0, 3, 10
"c:\omnora OS\backend\routes\healthRoutes.js", "JavaScript", 57, 0, 0, 0, 0, 0, 0, 0, 0, 0, 0, 3, 8, 68
"c:\omnora OS\backend\routes\inventoryRoutes.js", "JavaScript", 20, 0, 0, 0, 0, 0, 0, 0, 0, 0, 0, 3, 6, 29
"c:\omnora OS\backend\routes\jobRoutes.js", "JavaScript", 27, 0, 0, 0, 0, 0, 0, 0, 0, 0, 0, 0, 6, 33
"c:\omnora OS\backend\routes\mediaRoutes.js", "JavaScript", 45, 0, 0, 0, 0, 0, 0, 0, 0, 0, 0, 4, 8, 57
"c:\omnora OS\backend\routes\newsletterRoutes.js", "JavaScript", 9, 0, 0, 0, 0, 0, 0, 0, 0, 0, 0, 2, 3, 14
"c:\omnora OS\backend\routes\paymentMethodRoutes.js", "JavaScript", 90, 0, 0, 0, 0, 0, 0, 0, 0, 0, 0, 7, 16, 113
"c:\omnora OS\backend\routes\performanceHubRoutes.js", "JavaScript", 50, 0, 0, 0, 0, 0, 0, 0, 0, 0, 0, 10, 13, 73
"c:\omnora OS\backend\routes\phase1Routes.js", "JavaScript", 68, 0, 0, 0, 0, 0, 0, 0, 0, 0, 0, 33, 23, 124
"c:\omnora OS\backend\routes\phase2Routes.js", "JavaScript", 62, 0, 0, 0, 0, 0, 0, 0, 0, 0, 0, 28, 14, 104
"c:\omnora OS\backend\routes\phase3Routes.js", "JavaScript", 84, 0, 0, 0, 0, 0, 0, 0, 0, 0, 0, 46, 20, 150
"c:\omnora OS\backend\routes\productRoutes.js", "JavaScript", 21, 0, 0, 0, 0, 0, 0, 0, 0, 0, 0, 0, 4, 25
"c:\omnora OS\backend\routes\recommendationRoutes.js", "JavaScript", 16, 0, 0, 0, 0, 0, 0, 0, 0, 0, 0, 3, 6, 25
"c:\omnora OS\backend\routes\reviewRoutes.js", "JavaScript", 18, 0, 0, 0, 0, 0, 0, 0, 0, 0, 0, 3, 6, 27
"c:\omnora OS\backend\routes\searchRoutes.js", "JavaScript", 14, 0, 0, 0, 0, 0, 0, 0, 0, 0, 0, 2, 5, 21
"c:\omnora OS\backend\routes\sellerAnalyticsRoutes.js", "JavaScript", 44, 0, 0, 0, 0, 0, 0, 0, 0, 0, 0, 4, 7, 55
"c:\omnora OS\backend\routes\sellerRoutes.js", "JavaScript", 69, 0, 0, 0, 0, 0, 0, 0, 0, 0, 0, 1, 10, 80
"c:\omnora OS\backend\routes\userRoutes.js", "JavaScript", 21, 0, 0, 0, 0, 0, 0, 0, 0, 0, 0, 1, 4, 26
"c:\omnora OS\backend\routes\whatsappTemplateRoutes.js", "JavaScript", 55, 0, 0, 0, 0, 0, 0, 0, 0, 0, 0, 7, 11, 73
"c:\omnora OS\backend\routes\wishlistRoutes.js", "JavaScript", 19, 0, 0, 0, 0, 0, 0, 0, 0, 0, 0, 3, 6, 28
"c:\omnora OS\backend\scripts\check-env-leaks.js", "JavaScript", 35, 0, 0, 0, 0, 0, 0, 0, 0, 0, 0, 0, 8, 43
"c:\omnora OS\backend\scripts\cleanup-port.js", "JavaScript", 44, 0, 0, 0, 0, 0, 0, 0, 0, 0, 0, 5, 5, 54
"c:\omnora OS\backend\scripts\createAdmin.js", "JavaScript", 59, 0, 0, 0, 0, 0, 0, 0, 0, 0, 0, 6, 12, 77
"c:\omnora OS\backend\scripts\precheck.js", "JavaScript", 59, 0, 0, 0, 0, 0, 0, 0, 0, 0, 0, 0, 10, 69
"c:\omnora OS\backend\scripts\seed-products-remote.js", "JavaScript", 46, 0, 0, 0, 0, 0, 0, 0, 0, 0, 0, 4, 11, 61
"c:\omnora OS\backend\scripts\seed-remote.js", "JavaScript", 52, 0, 0, 0, 0, 0, 0, 0, 0, 0, 0, 3, 10, 65
"c:\omnora OS\backend\scripts\seedProducts.js", "JavaScript", 147, 0, 0, 0, 0, 0, 0, 0, 0, 0, 0, 9, 13, 169
"c:\omnora OS\backend\scripts\set-admin.js", "JavaScript", 56, 0, 0, 0, 0, 0, 0, 0, 0, 0, 0, 1, 12, 69
"c:\omnora OS\backend\scripts\start-dev.js", "JavaScript", 15, 0, 0, 0, 0, 0, 0, 0, 0, 0, 0, 3, 7, 25
"c:\omnora OS\backend\scripts\test-approval-system.js", "JavaScript", 130, 0, 0, 0, 0, 0, 0, 0, 0, 0, 0, 25, 27, 182
"c:\omnora OS\backend\scripts\test-whatsapp.js", "JavaScript", 31, 0, 0, 0, 0, 0, 0, 0, 0, 0, 0, 0, 4, 35
"c:\omnora OS\backend\scripts\verify-system.js", "JavaScript", 105, 0, 0, 0, 0, 0, 0, 0, 0, 0, 0, 13, 23, 141
"c:\omnora OS\backend\server.js", "JavaScript", 46, 0, 0, 0, 0, 0, 0, 0, 0, 0, 0, 5, 10, 61
"c:\omnora OS\backend\services\analyticsService.js", "JavaScript", 125, 0, 0, 0, 0, 0, 0, 0, 0, 0, 0, 9, 32, 166
"c:\omnora OS\backend\services\cartService.js", "JavaScript", 299, 0, 0, 0, 0, 0, 0, 0, 0, 0, 0, 8, 35, 342
"c:\omnora OS\backend\services\emailService.js", "JavaScript", 198, 0, 0, 0, 0, 0, 0, 0, 0, 0, 0, 1, 23, 222
"c:\omnora OS\backend\services\jobService.js", "JavaScript", 64, 0, 0, 0, 0, 0, 0, 0, 0, 0, 0, 2, 12, 78
"c:\omnora OS\backend\services\logger.js", "JavaScript", 25, 0, 0, 0, 0, 0, 0, 0, 0, 0, 0, 0, 6, 31
"c:\omnora OS\backend\services\mailblusterService.js", "JavaScript", 69, 0, 0, 0, 0, 0, 0, 0, 0, 0, 0, 0, 12, 81
"c:\omnora OS\backend\services\manifestService.js", "JavaScript", 34, 0, 0, 0, 0, 0, 0, 0, 0, 0, 0, 1, 7, 42
"c:\omnora OS\backend\services\memoryDbService.js", "JavaScript", 45, 0, 0, 0, 0, 0, 0, 0, 0, 0, 0, 0, 10, 55
"c:\omnora OS\backend\services\preflightService.js", "JavaScript", 50, 0, 0, 0, 0, 0, 0, 0, 0, 0, 0, 4, 7, 61
"c:\omnora OS\backend\services\queueService.js", "JavaScript", 172, 0, 0, 0, 0, 0, 0, 0, 0, 0, 0, 9, 23, 204
"c:\omnora OS\backend\services\recommendationService.js", "JavaScript", 229, 0, 0, 0, 0, 0, 0, 0, 0, 0, 0, 13, 36, 278
"c:\omnora OS\backend\services\searchService.js", "JavaScript", 186, 0, 0, 0, 0, 0, 0, 0, 0, 0, 0, 21, 44, 251
"c:\omnora OS\backend\services\shippingService.js", "JavaScript", 89, 0, 0, 0, 0, 0, 0, 0, 0, 0, 0, 10, 24, 123
"c:\omnora OS\backend\services\shipping\leopardsProvider.js", "JavaScript", 57, 0, 0, 0, 0, 0, 0, 0, 0, 0, 0, 1, 9, 67
"c:\omnora OS\backend\services\shipping\tcsProvider.js", "JavaScript", 23, 0, 0, 0, 0, 0, 0, 0, 0, 0, 0, 2, 6, 31
"c:\omnora OS\backend\services\shipping\traxProvider.js", "JavaScript", 58, 0, 0, 0, 0, 0, 0, 0, 0, 0, 0, 0, 9, 67
"c:\omnora OS\backend\services\stateService.js", "JavaScript", 147, 0, 0, 0, 0, 0, 0, 0, 0, 0, 0, 8, 29, 184
"c:\omnora OS\backend\services\waRateGuard.js", "JavaScript", 87, 0, 0, 0, 0, 0, 0, 0, 0, 0, 0, 11, 23, 121
"c:\omnora OS\backend\services\whatsappAutomationService.js", "JavaScript", 132, 0, 0, 0, 0, 0, 0, 0, 0, 0, 0, 12, 27, 171
"c:\omnora OS\backend\services\whatsappService.js", "JavaScript", 27, 0, 0, 0, 0, 0, 0, 0, 0, 0, 0, 1, 4, 32
"c:\omnora OS\backend\shared\lib\dbService.js", "JavaScript", 56, 0, 0, 0, 0, 0, 0, 0, 0, 0, 0, 2, 13, 71
"c:\omnora OS\backend\shared\lib\supabaseClient.js", "JavaScript", 20, 0, 0, 0, 0, 0, 0, 0, 0, 0, 0, 1, 7, 28
"c:\omnora OS\backend\shared\middleware\authGuard.js", "JavaScript", 33, 0, 0, 0, 0, 0, 0, 0, 0, 0, 0, 1, 8, 42
"c:\omnora OS\backend\shared\middleware\errorHandler.js", "JavaScript", 26, 0, 0, 0, 0, 0, 0, 0, 0, 0, 0, 0, 5, 31
"c:\omnora OS\backend\shared\middleware\tenantContext.js", "JavaScript", 54, 0, 0, 0, 0, 0, 0, 0, 0, 0, 0, 6, 11, 71
"c:\omnora OS\backend\templates\home\electronics.json", "JSON", 0, 0, 67, 0, 0, 0, 0, 0, 0, 0, 0, 0, 0, 67
"c:\omnora OS\backend\templates\home\fashion.json", "JSON", 0, 0, 75, 0, 0, 0, 0, 0, 0, 0, 0, 0, 0, 75
"c:\omnora OS\backend\templates\home\general.json", "JSON", 0, 0, 59, 0, 0, 0, 0, 0, 0, 0, 0, 0, 0, 59
"c:\omnora OS\backend\test-boundaries.js", "JavaScript", 93, 0, 0, 0, 0, 0, 0, 0, 0, 0, 0, 8, 19, 120
"c:\omnora OS\backend\test_buckets.cjs", "JavaScript", 22, 0, 0, 0, 0, 0, 0, 0, 0, 0, 0, 0, 6, 28
"c:\omnora OS\backend\test_db.js", "JavaScript", 19, 0, 0, 0, 0, 0, 0, 0, 0, 0, 0, 1, 8, 28
"c:\omnora OS\backend\test_login_controller_final.js", "JavaScript", 26, 0, 0, 0, 0, 0, 0, 0, 0, 0, 0, 0, 5, 31
"c:\omnora OS\backend\test_login_debug.js", "JavaScript", 26, 0, 0, 0, 0, 0, 0, 0, 0, 0, 0, 2, 9, 37
"c:\omnora OS\backend\test_merchants.cjs", "JavaScript", 25, 0, 0, 0, 0, 0, 0, 0, 0, 0, 0, 0, 6, 31
"c:\omnora OS\backend\test_subscription.js", "JavaScript", 25, 0, 0, 0, 0, 0, 0, 0, 0, 0, 0, 0, 4, 29
"c:\omnora OS\backend\tests\QA-SECURITY-CHECKLIST.md", "Markdown", 0, 315, 0, 0, 0, 0, 0, 0, 0, 0, 0, 0, 117, 432
"c:\omnora OS\backend\tests\integration\bootstrap.test.js", "JavaScript", 61, 0, 0, 0, 0, 0, 0, 0, 0, 0, 0, 2, 10, 73
"c:\omnora OS\backend\tests\integration\payment-security.test.js", "JavaScript", 218, 0, 0, 0, 0, 0, 0, 0, 0, 0, 0, 27, 51, 296
"c:\omnora OS\backend\tests\security\jwt.test.js", "JavaScript", 88, 0, 0, 0, 0, 0, 0, 0, 0, 0, 0, 3, 24, 115
"c:\omnora OS\backend\tests\test_approval_flow.js", "JavaScript", 102, 0, 0, 0, 0, 0, 0, 0, 0, 0, 0, 10, 20, 132
"c:\omnora OS\backend\tests\unit\config.test.js", "JavaScript", 38, 0, 0, 0, 0, 0, 0, 0, 0, 0, 0, 0, 10, 48
"c:\omnora OS\backend\utils\LocalDB.js", "JavaScript", 230, 0, 0, 0, 0, 0, 0, 0, 0, 0, 0, 17, 46, 293
"c:\omnora OS\backend\utils\inventoryService.js", "JavaScript", 136, 0, 0, 0, 0, 0, 0, 0, 0, 0, 0, 4, 23, 163
"c:\omnora OS\backend\utils\modelFactory.js", "JavaScript", 66, 0, 0, 0, 0, 0, 0, 0, 0, 0, 0, 15, 18, 99
"c:\omnora OS\backend\utils\orderHashService.js", "JavaScript", 40, 0, 0, 0, 0, 0, 0, 0, 0, 0, 0, 3, 8, 51
"c:\omnora OS\backend\utils\phoneFormatter.js", "JavaScript", 56, 0, 0, 0, 0, 0, 0, 0, 0, 0, 0, 10, 17, 83
"c:\omnora OS\backend\utils\retryWithBackoff.js", "JavaScript", 62, 0, 0, 0, 0, 0, 0, 0, 0, 0, 0, 0, 10, 72
"c:\omnora OS\backend\utils\tenantStorage.js", "JavaScript", 3, 0, 0, 0, 0, 0, 0, 0, 0, 0, 0, 0, 3, 6
"c:\omnora OS\backend\utils\tokenService.js", "JavaScript", 74, 0, 0, 0, 0, 0, 0, 0, 0, 0, 0, 2, 11, 87
"c:\omnora OS\backend\utils\whatsappService.js", "JavaScript", 142, 0, 0, 0, 0, 0, 0, 0, 0, 0, 0, 0, 28, 170
"c:\omnora OS\backend\validators\orderValidators.js", "JavaScript", 36, 0, 0, 0, 0, 0, 0, 0, 0, 0, 0, 0, 8, 44
"c:\omnora OS\backend\validators\productValidators.js", "JavaScript", 28, 0, 0, 0, 0, 0, 0, 0, 0, 0, 0, 0, 8, 36
"c:\omnora OS\backend\validators\userValidator.js", "JavaScript", 23, 0, 0, 0, 0, 0, 0, 0, 0, 0, 0, 0, 5, 28
"c:\omnora OS\backend\validators\userValidators.js", "JavaScript", 41, 0, 0, 0, 0, 0, 0, 0, 0, 0, 0, 0, 8, 49
"c:\omnora OS\backend\verify-mongodb.js", "JavaScript", 95, 0, 0, 0, 0, 0, 0, 0, 0, 0, 0, 4, 23, 122
"c:\omnora OS\backend\verify-order-fix.js", "JavaScript", 42, 0, 0, 0, 0, 0, 0, 0, 0, 0, 0, 1, 9, 52
"c:\omnora OS\backend\verify-serverless.js", "JavaScript", 68, 0, 0, 0, 0, 0, 0, 0, 0, 0, 0, 11, 19, 98
"c:\omnora OS\backend\workers\notificationWorker.js", "JavaScript", 156, 0, 0, 0, 0, 0, 0, 0, 0, 0, 0, 17, 37, 210
"c:\omnora OS\backend\workers\taskWorker.js", "JavaScript", 94, 0, 0, 0, 0, 0, 0, 0, 0, 0, 0, 4, 26, 124
"c:\omnora OS\boot-audit.js", "JavaScript", 26, 0, 0, 0, 0, 0, 0, 0, 0, 0, 0, 2, 7, 35
"c:\omnora OS\check_cms.js", "JavaScript", 21, 0, 0, 0, 0, 0, 0, 0, 0, 0, 0, 0, 2, 23
"c:\omnora OS\check_cms_deep.js", "JavaScript", 37, 0, 0, 0, 0, 0, 0, 0, 0, 0, 0, 0, 5, 42
"c:\omnora OS\check_cms_dump.js", "JavaScript", 17, 0, 0, 0, 0, 0, 0, 0, 0, 0, 0, 0, 5, 22
"c:\omnora OS\check_cms_native.js", "JavaScript", 28, 0, 0, 0, 0, 0, 0, 0, 0, 0, 0, 0, 2, 30
"c:\omnora OS\check_cms_raw.js", "JavaScript", 10, 0, 0, 0, 0, 0, 0, 0, 0, 0, 0, 0, 2, 12
"c:\omnora OS\check_products.js", "JavaScript", 25, 0, 0, 0, 0, 0, 0, 0, 0, 0, 0, 0, 2, 27
"c:\omnora OS\check_products_full.js", "JavaScript", 23, 0, 0, 0, 0, 0, 0, 0, 0, 0, 0, 0, 4, 27
"c:\omnora OS\check_products_raw.js", "JavaScript", 17, 0, 0, 0, 0, 0, 0, 0, 0, 0, 0, 0, 2, 19
"c:\omnora OS\database\analytics.sql", "MS SQL", 0, 0, 0, 0, 0, 0, 0, 0, 0, 70, 0, 9, 6, 85
"c:\omnora OS\database\omnora_schema.sql", "MS SQL", 0, 0, 0, 0, 0, 0, 0, 0, 0, 469, 0, 99, 133, 701
"c:\omnora OS\database\seeds.sql", "MS SQL", 0, 0, 0, 0, 0, 0, 0, 0, 0, 74, 0, 9, 5, 88
"c:\omnora OS\diag.js", "JavaScript", 18, 0, 0, 0, 0, 0, 0, 0, 0, 0, 0, 0, 6, 24
"c:\omnora OS\dump_imports.js", "JavaScript", 43, 0, 0, 0, 0, 0, 0, 0, 0, 0, 0, 0, 4, 47
"c:\omnora OS\find_all_requires.js", "JavaScript", 31, 0, 0, 0, 0, 0, 0, 0, 0, 0, 0, 0, 4, 35
"c:\omnora OS\find_dist_require.js", "JavaScript", 31, 0, 0, 0, 0, 0, 0, 0, 0, 0, 0, 1, 4, 36
"c:\omnora OS\find_escaping_imports.js", "JavaScript", 36, 0, 0, 0, 0, 0, 0, 0, 0, 0, 0, 1, 4, 41
"c:\omnora OS\find_leak.js", "JavaScript", 40, 0, 0, 0, 0, 0, 0, 0, 0, 0, 0, 1, 5, 46
"c:\omnora OS\find_real_dist_require.js", "JavaScript", 35, 0, 0, 0, 0, 0, 0, 0, 0, 0, 0, 0, 5, 40
"c:\omnora OS\find_require.js", "JavaScript", 34, 0, 0, 0, 0, 0, 0, 0, 0, 0, 0, 2, 4, 40
"c:\omnora OS\find_require_raw.js", "JavaScript", 30, 0, 0, 0, 0, 0, 0, 0, 0, 0, 0, 0, 5, 35
"c:\omnora OS\find_side_effect.js", "JavaScript", 36, 0, 0, 0, 0, 0, 0, 0, 0, 0, 0, 0, 4, 40
"c:\omnora OS\frontend\check_users.js", "JavaScript", 14, 0, 0, 0, 0, 0, 0, 0, 0, 0, 0, 0, 4, 18
"c:\omnora OS\frontend\index.html", "HTML", 0, 0, 0, 0, 0, 0, 123, 0, 0, 0, 0, 0, 18, 141
"c:\omnora OS\frontend\middleware.ts", "TypeScript", 0, 0, 0, 72, 0, 0, 0, 0, 0, 0, 0, 8, 15, 95
"c:\omnora OS\frontend\package-lock.json", "JSON", 0, 0, 9855, 0, 0, 0, 0, 0, 0, 0, 0, 0, 1, 9856
"c:\omnora OS\frontend\package.json", "JSON", 0, 0, 55, 0, 0, 0, 0, 0, 0, 0, 0, 0, 1, 56
"c:\omnora OS\frontend\postcss.config.js", "JavaScript", 6, 0, 0, 0, 0, 0, 0, 0, 0, 0, 0, 0, 1, 7
"c:\omnora OS\frontend\public\manifest.webmanifest", "JSON", 0, 0, 26, 0, 0, 0, 0, 0, 0, 0, 0, 0, 0, 26
"c:\omnora OS\frontend\public\offline.html", "HTML", 0, 0, 0, 0, 0, 0, 1, 0, 0, 0, 0, 0, 1, 2
"c:\omnora OS\frontend\public\pwa-icon.svg", "XML", 0, 0, 0, 0, 0, 0, 0, 28, 0, 0, 0, 0, 7, 35
"c:\omnora OS\frontend\src\App.tsx", "TypeScript JSX", 0, 0, 0, 0, 0, 90, 0, 0, 0, 0, 0, 4, 8, 102
"c:\omnora OS\frontend\src\api\client.ts", "TypeScript", 0, 0, 0, 45, 0, 0, 0, 0, 0, 0, 0, 8, 10, 63
"c:\omnora OS\frontend\src\api\cmsApi.ts", "TypeScript", 0, 0, 0, 18, 0, 0, 0, 0, 0, 0, 0, 1, 4, 23
"c:\omnora OS\frontend\src\app\api\dns-check\route.ts", "TypeScript", 0, 0, 0, 15, 0, 0, 0, 0, 0, 0, 0, 0, 4, 19
"c:\omnora OS\frontend\src\app\store\[merchant_slug]\[page_slug]\page.tsx", "TypeScript JSX", 0, 0, 0, 0, 0, 87, 0, 0, 0, 0, 0, 6, 18, 111
"c:\omnora OS\frontend\src\app\store\[merchant_slug]\track\[order_id]\page.tsx", "TypeScript JSX", 0, 0, 0, 0, 0, 108, 0, 0, 0, 0, 0, 8, 19, 135
"c:\omnora OS\frontend\src\app\store\[slug]\page.tsx", "TypeScript JSX", 0, 0, 0, 0, 0, 76, 0, 0, 0, 0, 0, 1, 13, 90
"c:\omnora OS\frontend\src\components\AdPlacement.css", "CSS", 0, 0, 0, 0, 0, 0, 0, 0, 266, 0, 0, 0, 48, 314
"c:\omnora OS\frontend\src\components\AdPlacementZone.tsx", "TypeScript JSX", 0, 0, 0, 0, 0, 123, 0, 0, 0, 0, 0, 5, 10, 138
"c:\omnora OS\frontend\src\components\AdminLayout.css", "CSS", 0, 0, 0, 0, 0, 0, 0, 0, 249, 0, 0, 0, 33, 282
"c:\omnora OS\frontend\src\components\AdminLayout.tsx", "TypeScript JSX", 0, 0, 0, 0, 0, 84, 0, 0, 0, 0, 0, 4, 12, 100
"c:\omnora OS\frontend\src\components\Carousel.tsx", "TypeScript JSX", 0, 0, 0, 0, 0, 96, 0, 0, 0, 0, 0, 10, 15, 121
"c:\omnora OS\frontend\src\components\DynamicSection.tsx", "TypeScript JSX", 0, 0, 0, 0, 0, 423, 0, 0, 0, 0, 0, 10, 43, 476
"c:\omnora OS\frontend\src\components\ErrorBoundary.css", "CSS", 0, 0, 0, 0, 0, 0, 0, 0, 124, 0, 0, 0, 17, 141
"c:\omnora OS\frontend\src\components\ErrorBoundary.tsx", "TypeScript JSX", 0, 0, 0, 0, 0, 69, 0, 0, 0, 0, 0, 3, 14, 86
"c:\omnora OS\frontend\src\components\Footer.css", "CSS", 0, 0, 0, 0, 0, 0, 0, 0, 248, 0, 0, 0, 39, 287
"c:\omnora OS\frontend\src\components\Footer.tsx", "TypeScript JSX", 0, 0, 0, 0, 0, 121, 0, 0, 0, 0, 0, 10, 15, 146
"c:\omnora OS\frontend\src\components\GlobalErrorBoundary.tsx", "TypeScript JSX", 0, 0, 0, 0, 0, 61, 0, 0, 0, 0, 0, 2, 12, 75
"c:\omnora OS\frontend\src\components\HostnameInterceptor.tsx", "TypeScript JSX", 0, 0, 0, 0, 0, 147, 0, 0, 0, 0, 0, 6, 20, 173
"c:\omnora OS\frontend\src\components\Layout.css", "CSS", 0, 0, 0, 0, 0, 0, 0, 0, 379, 0, 0, 0, 58, 437
"c:\omnora OS\frontend\src\components\Layout.tsx", "TypeScript JSX", 0, 0, 0, 0, 0, 290, 0, 0, 0, 0, 0, 30, 33, 353
"c:\omnora OS\frontend\src\components\LoadingWrapper.css", "CSS", 0, 0, 0, 0, 0, 0, 0, 0, 20, 0, 0, 0, 2, 22
"c:\omnora OS\frontend\src\components\LoadingWrapper.tsx", "TypeScript JSX", 0, 0, 0, 0, 0, 32, 0, 0, 0, 0, 0, 2, 5, 39
"c:\omnora OS\frontend\src\components\OmnoraCarousel.css", "CSS", 0, 0, 0, 0, 0, 0, 0, 0, 207, 0, 0, 0, 28, 235
"c:\omnora OS\frontend\src\components\OmnoraLayout.css", "CSS", 0, 0, 0, 0, 0, 0, 0, 0, 418, 0, 0, 0, 64, 482
"c:\omnora OS\frontend\src\components\OmnoraPosterGallery.css", "CSS", 0, 0, 0, 0, 0, 0, 0, 0, 236, 0, 0, 0, 36, 272
"c:\omnora OS\frontend\src\components\Payment.css", "CSS", 0, 0, 0, 0, 0, 0, 0, 0, 119, 0, 0, 0, 21, 140
"c:\omnora OS\frontend\src\components\PosterGallery.tsx", "TypeScript JSX", 0, 0, 0, 0, 0, 103, 0, 0, 0, 0, 0, 8, 11, 122
"c:\omnora OS\frontend\src\components\ProtectedRoute.css", "CSS", 0, 0, 0, 0, 0, 0, 0, 0, 88, 0, 0, 0, 12, 100
"c:\omnora OS\frontend\src\components\ProtectedRoute.tsx", "TypeScript JSX", 0, 0, 0, 0, 0, 38, 0, 0, 0, 0, 0, 5, 6, 49
"c:\omnora OS\frontend\src\components\RequireAdmin.tsx", "TypeScript JSX", 0, 0, 0, 0, 0, 17, 0, 0, 0, 0, 0, 4, 6, 27
"c:\omnora OS\frontend\src\components\Skeleton.css", "CSS", 0, 0, 0, 0, 0, 0, 0, 0, 109, 0, 0, 0, 19, 128
"c:\omnora OS\frontend\src\components\Skeleton.tsx", "TypeScript JSX", 0, 0, 0, 0, 0, 57, 0, 0, 0, 0, 0, 12, 15, 84
"c:\omnora OS\frontend\src\components\SkeletonProductCard.tsx", "TypeScript JSX", 0, 0, 0, 0, 0, 46, 0, 0, 0, 0, 0, 9, 7, 62
"c:\omnora OS\frontend\src\components\SmartImage.css", "CSS", 0, 0, 0, 0, 0, 0, 0, 0, 62, 0, 0, 0, 7, 69
"c:\omnora OS\frontend\src\components\SmartImage.tsx", "TypeScript JSX", 0, 0, 0, 0, 0, 56, 0, 0, 0, 0, 0, 4, 8, 68
"c:\omnora OS\frontend\src\components\StripePayment.tsx", "TypeScript JSX", 0, 0, 0, 0, 0, 82, 0, 0, 0, 0, 0, 2, 13, 97
"c:\omnora OS\frontend\src\components\WhatsAppConfirmationDialog.css", "CSS", 0, 0, 0, 0, 0, 0, 0, 0, 191, 0, 0, 0, 27, 218
"c:\omnora OS\frontend\src\components\WhatsAppConfirmationDialog.tsx", "TypeScript JSX", 0, 0, 0, 0, 0, 78, 0, 0, 0, 0, 0, 4, 11, 93
"c:\omnora OS\frontend\src\components\admin\AdminBillingManager.tsx", "TypeScript JSX", 0, 0, 0, 0, 0, 178, 0, 0, 0, 0, 0, 11, 22, 211
"c:\omnora OS\frontend\src\components\admin\AdminDashboard.tsx", "TypeScript JSX", 0, 0, 0, 0, 0, 276, 0, 0, 0, 0, 0, 10, 21, 307
"c:\omnora OS\frontend\src\components\admin\AdminPaymentSettings.tsx", "TypeScript JSX", 0, 0, 0, 0, 0, 143, 0, 0, 0, 0, 0, 1, 13, 157
"c:\omnora OS\frontend\src\components\admin\OrderManager.tsx", "TypeScript JSX", 0, 0, 0, 0, 0, 264, 0, 0, 0, 0, 0, 18, 29, 311
"c:\omnora OS\frontend\src\components\auth\AuthModal.tsx", "TypeScript JSX", 0, 0, 0, 0, 0, 159, 0, 0, 0, 0, 0, 6, 20, 185
"c:\omnora OS\frontend\src\components\blocks\AnnouncementBar.tsx", "TypeScript JSX", 0, 0, 0, 0, 0, 94, 0, 0, 0, 0, 0, 3, 14, 111
"c:\omnora OS\frontend\src\components\blocks\CountdownTimer.tsx", "TypeScript JSX", 0, 0, 0, 0, 0, 167, 0, 0, 0, 0, 0, 2, 16, 185
"c:\omnora OS\frontend\src\components\blocks\CustomerReviews.tsx", "TypeScript JSX", 0, 0, 0, 0, 0, 198, 0, 0, 0, 0, 0, 11, 22, 231
"c:\omnora OS\frontend\src\components\blocks\FAQAccordion.tsx", "TypeScript JSX", 0, 0, 0, 0, 0, 166, 0, 0, 0, 0, 0, 6, 20, 192
"c:\omnora OS\frontend\src\components\blocks\FeaturesGrid.tsx", "TypeScript JSX", 0, 0, 0, 0, 0, 136, 0, 0, 0, 0, 0, 5, 16, 157
"c:\omnora OS\frontend\src\components\blocks\HeroBanner.tsx", "TypeScript JSX", 0, 0, 0, 0, 0, 188, 0, 0, 0, 0, 0, 7, 17, 212
"c:\omnora OS\frontend\src\components\blocks\ImageBlock.tsx", "TypeScript JSX", 0, 0, 0, 0, 0, 83, 0, 0, 0, 0, 0, 1, 9, 93
"c:\omnora OS\frontend\src\components\blocks\NewsletterSignup.tsx", "TypeScript JSX", 0, 0, 0, 0, 0, 221, 0, 0, 0, 0, 0, 5, 21, 247
"c:\omnora OS\frontend\src\components\blocks\PolicyStrip.tsx", "TypeScript JSX", 0, 0, 0, 0, 0, 85, 0, 0, 0, 0, 0, 0, 7, 92
"c:\omnora OS\frontend\src\components\blocks\PromoStrip.tsx", "TypeScript JSX", 0, 0, 0, 0, 0, 78, 0, 0, 0, 0, 0, 0, 12, 90
"c:\omnora OS\frontend\src\components\blocks\SiteFooter.tsx", "TypeScript JSX", 0, 0, 0, 0, 0, 206, 0, 0, 0, 0, 0, 12, 22, 240
"c:\omnora OS\frontend\src\components\blocks\SplitHero.tsx", "TypeScript JSX", 0, 0, 0, 0, 0, 154, 0, 0, 0, 0, 0, 5, 17, 176
"c:\omnora OS\frontend\src\components\blocks\TextSection.tsx", "TypeScript JSX", 0, 0, 0, 0, 0, 117, 0, 0, 0, 0, 0, 0, 8, 125
"c:\omnora OS\frontend\src\components\blocks\TrustBadges.tsx", "TypeScript JSX", 0, 0, 0, 0, 0, 184, 0, 0, 0, 0, 0, 8, 19, 211
"c:\omnora OS\frontend\src\components\blocks\UpsellWidget.tsx", "TypeScript JSX", 0, 0, 0, 0, 0, 205, 0, 0, 0, 0, 0, 7, 23, 235
"c:\omnora OS\frontend\src\components\blocks\WhatsAppFloating.tsx", "TypeScript JSX", 0, 0, 0, 0, 0, 70, 0, 0, 0, 0, 0, 0, 7, 77
"c:\omnora OS\frontend\src\components\builder\AICopilotModal.tsx", "TypeScript JSX", 0, 0, 0, 0, 0, 189, 0, 0, 0, 0, 0, 6, 25, 220
"c:\omnora OS\frontend\src\components\builder\AddPageModal.tsx", "TypeScript JSX", 0, 0, 0, 0, 0, 171, 0, 0, 0, 0, 0, 3, 27, 201
"c:\omnora OS\frontend\src\components\builder\BuilderLayout.tsx", "TypeScript JSX", 0, 0, 0, 0, 0, 297, 0, 0, 0, 0, 0, 16, 27, 340
"c:\omnora OS\frontend\src\components\builder\DomainManager.tsx", "TypeScript JSX", 0, 0, 0, 0, 0, 155, 0, 0, 0, 0, 0, 4, 13, 172
"c:\omnora OS\frontend\src\components\builder\ForgeButton.tsx", "TypeScript JSX", 0, 0, 0, 0, 0, 135, 0, 0, 0, 0, 0, 3, 16, 154
"c:\omnora OS\frontend\src\components\builder\TopBarPageSelector.tsx", "TypeScript JSX", 0, 0, 0, 0, 0, 203, 0, 0, 0, 0, 0, 4, 16, 223
"c:\omnora OS\frontend\src\components\cart\BuyButton.tsx", "TypeScript JSX", 0, 0, 0, 0, 0, 187, 0, 0, 0, 0, 0, 2, 20, 209
"c:\omnora OS\frontend\src\components\cart\CartDrawer.tsx", "TypeScript JSX", 0, 0, 0, 0, 0, 508, 0, 0, 0, 0, 0, 26, 37, 571
"c:\omnora OS\frontend\src\components\cart\CheckoutBlock.tsx", "TypeScript JSX", 0, 0, 0, 0, 0, 544, 0, 0, 0, 0, 0, 22, 51, 617
"c:\omnora OS\frontend\src\components\cart\FeaturedProduct.tsx", "TypeScript JSX", 0, 0, 0, 0, 0, 120, 0, 0, 0, 0, 0, 0, 14, 134
"c:\omnora OS\frontend\src\components\cart\OrderConfirmationBlock.tsx", "TypeScript JSX", 0, 0, 0, 0, 0, 225, 0, 0, 0, 0, 0, 16, 22, 263
"c:\omnora OS\frontend\src\components\cart\ProductCard.tsx", "TypeScript JSX", 0, 0, 0, 0, 0, 180, 0, 0, 0, 0, 0, 5, 17, 202
"c:\omnora OS\frontend\src\components\cart\ProductGrid.tsx", "TypeScript JSX", 0, 0, 0, 0, 0, 244, 0, 0, 0, 0, 0, 6, 27, 277
"c:\omnora OS\frontend\src\components\cart\ProductOptions.tsx", "TypeScript JSX", 0, 0, 0, 0, 0, 237, 0, 0, 0, 0, 0, 13, 22, 272
"c:\omnora OS\frontend\src\components\cart\RecentlyViewed.tsx", "TypeScript JSX", 0, 0, 0, 0, 0, 65, 0, 0, 0, 0, 0, 0, 9, 74
"c:\omnora OS\frontend\src\components\cart\SearchBar.tsx", "TypeScript JSX", 0, 0, 0, 0, 0, 204, 0, 0, 0, 0, 0, 6, 16, 226
"c:\omnora OS\frontend\src\components\cart\StoreHeader.tsx", "TypeScript JSX", 0, 0, 0, 0, 0, 203, 0, 0, 0, 0, 0, 10, 18, 231
"c:\omnora OS\frontend\src\components\cms\AdminDiscountManager.tsx", "TypeScript JSX", 0, 0, 0, 0, 0, 236, 0, 0, 0, 0, 0, 7, 26, 269
"c:\omnora OS\frontend\src\components\cms\AdminNavigationManager.tsx", "TypeScript JSX", 0, 0, 0, 0, 0, 204, 0, 0, 0, 0, 0, 18, 30, 252
"c:\omnora OS\frontend\src\components\cms\AdminPageManager.tsx", "TypeScript JSX", 0, 0, 0, 0, 0, 241, 0, 0, 0, 0, 0, 10, 27, 278
"c:\omnora OS\frontend\src\components\cms\AdminProductManager.tsx", "TypeScript JSX", 0, 0, 0, 0, 0, 450, 0, 0, 0, 0, 0, 31, 59, 540
"c:\omnora OS\frontend\src\components\cms\BuilderHealthOverlay.tsx", "TypeScript JSX", 0, 0, 0, 0, 0, 176, 0, 0, 0, 0, 0, 5, 15, 196
"c:\omnora OS\frontend\src\components\cms\BuilderRegistry.ts", "TypeScript", 0, 0, 0, 480, 0, 0, 0, 0, 0, 0, 0, 29, 32, 541
"c:\omnora OS\frontend\src\components\cms\BuilderToolbar.tsx", "TypeScript JSX", 0, 0, 0, 0, 0, 569, 0, 0, 0, 0, 0, 38, 56, 663
"c:\omnora OS\frontend\src\components\cms\BuilderWrapper.tsx", "TypeScript JSX", 0, 0, 0, 0, 0, 53, 0, 0, 0, 0, 0, 1, 9, 63
"c:\omnora OS\frontend\src\components\cms\CanvasOverlay.tsx", "TypeScript JSX", 0, 0, 0, 0, 0, 911, 0, 0, 0, 0, 0, 61, 117, 1089
"c:\omnora OS\frontend\src\components\cms\ComponentRegistry.tsx", "TypeScript JSX", 0, 0, 0, 0, 0, 456, 0, 0, 0, 0, 0, 9, 33, 498
"c:\omnora OS\frontend\src\components\cms\ComponentWrapper.tsx", "TypeScript JSX", 0, 0, 0, 0, 0, 263, 0, 0, 0, 0, 0, 6, 40, 309
"c:\omnora OS\frontend\src\components\cms\DevicePresetPanel.tsx", "TypeScript JSX", 0, 0, 0, 0, 0, 187, 0, 0, 0, 0, 0, 11, 14, 212
"c:\omnora OS\frontend\src\components\cms\DiagnosticsPanel.tsx", "TypeScript JSX", 0, 0, 0, 0, 0, 80, 0, 0, 0, 0, 0, 0, 9, 89
"c:\omnora OS\frontend\src\components\cms\DynamicButton.tsx", "TypeScript JSX", 0, 0, 0, 0, 0, 147, 0, 0, 0, 0, 0, 14, 22, 183
"c:\omnora OS\frontend\src\components\cms\DynamicSection.tsx", "TypeScript JSX", 0, 0, 0, 0, 0, 48, 0, 0, 0, 0, 0, 1, 7, 56
"c:\omnora OS\frontend\src\components\cms\EditMode.css", "CSS", 0, 0, 0, 0, 0, 0, 0, 0, 192, 0, 0, 0, 29, 221
"c:\omnora OS\frontend\src\components\cms\EditModeOverlay.tsx", "TypeScript JSX", 0, 0, 0, 0, 0, 311, 0, 0, 0, 0, 0, 0, 22, 333
"c:\omnora OS\frontend\src\components\cms\EditableComponents.tsx", "TypeScript JSX", 0, 0, 0, 0, 0, 647, 0, 0, 0, 0, 0, 34, 73, 754
"c:\omnora OS\frontend\src\components\cms\ElementLibrary.tsx", "TypeScript JSX", 0, 0, 0, 0, 0, 536, 0, 0, 0, 0, 0, 20, 29, 585
"c:\omnora OS\frontend\src\components\cms\GlobalSettingsPanel.tsx", "TypeScript JSX", 0, 0, 0, 0, 0, 302, 0, 0, 0, 0, 0, 13, 25, 340
"c:\omnora OS\frontend\src\components\cms\GranularErrorBoundary.tsx", "TypeScript JSX", 0, 0, 0, 0, 0, 136, 0, 0, 0, 0, 0, 6, 14, 156
"c:\omnora OS\frontend\src\components\cms\JobMonitor.tsx", "TypeScript JSX", 0, 0, 0, 0, 0, 94, 0, 0, 0, 0, 0, 1, 8, 103
"c:\omnora OS\frontend\src\components\cms\LiveCanvas.tsx", "TypeScript JSX", 0, 0, 0, 0, 0, 420, 0, 0, 0, 0, 0, 26, 36, 482
"c:\omnora OS\frontend\src\components\cms\LocalCopilotPanel.tsx", "TypeScript JSX", 0, 0, 0, 0, 0, 197, 0, 0, 0, 0, 0, 9, 22, 228
"c:\omnora OS\frontend\src\components\cms\MagneticTiltCard.tsx", "TypeScript JSX", 0, 0, 0, 0, 0, 145, 0, 0, 0, 0, 0, 12, 32, 189
"c:\omnora OS\frontend\src\components\cms\MediaLibraryModal.tsx", "TypeScript JSX", 0, 0, 0, 0, 0, 296, 0, 0, 0, 0, 0, 18, 31, 345
"c:\omnora OS\frontend\src\components\cms\NavigatorPanel.tsx", "TypeScript JSX", 0, 0, 0, 0, 0, 77, 0, 0, 0, 0, 0, 0, 8, 85
"c:\omnora OS\frontend\src\components\cms\OmnoraImage.tsx", "TypeScript JSX", 0, 0, 0, 0, 0, 158, 0, 0, 0, 0, 0, 4, 14, 176
"c:\omnora OS\frontend\src\components\cms\OmnoraRenderer.tsx", "TypeScript JSX", 0, 0, 0, 0, 0, 100, 0, 0, 0, 0, 0, 6, 19, 125
"c:\omnora OS\frontend\src\components\cms\PageSettingsPanel.tsx", "TypeScript JSX", 0, 0, 0, 0, 0, 163, 0, 0, 0, 0, 0, 10, 20, 193
"c:\omnora OS\frontend\src\components\cms\SEOHead.tsx", "TypeScript JSX", 0, 0, 0, 0, 0, 68, 0, 0, 0, 0, 0, 6, 15, 89
"c:\omnora OS\frontend\src\components\cms\SafeRenderer.tsx", "TypeScript JSX", 0, 0, 0, 0, 0, 388, 0, 0, 0, 0, 0, 34, 54, 476
"c:\omnora OS\frontend\src\components\cms\SmartSidebar.tsx", "TypeScript JSX", 0, 0, 0, 0, 0, 275, 0, 0, 0, 0, 0, 13, 24, 312
"c:\omnora OS\frontend\src\components\cms\SovereignWidget.tsx", "TypeScript JSX", 0, 0, 0, 0, 0, 199, 0, 0, 0, 0, 0, 0, 14, 213
"c:\omnora OS\frontend\src\components\cms\StoreTemporarilyPaused.tsx", "TypeScript JSX", 0, 0, 0, 0, 0, 56, 0, 0, 0, 0, 0, 0, 5, 61
"c:\omnora OS\frontend\src\components\cms\StorefrontAnalytics.tsx", "TypeScript JSX", 0, 0, 0, 0, 0, 38, 0, 0, 0, 0, 0, 0, 7, 45
"c:\omnora OS\frontend\src\components\cms\StorefrontFallback.tsx", "TypeScript JSX", 0, 0, 0, 0, 0, 21, 0, 0, 0, 0, 0, 0, 2, 23
"c:\omnora OS\frontend\src\components\cms\StyleEditorPanel.tsx", "TypeScript JSX", 0, 0, 0, 0, 0, 271, 0, 0, 0, 0, 0, 19, 28, 318
"c:\omnora OS\frontend\src\components\cms\ThemeManager.tsx", "TypeScript JSX", 0, 0, 0, 0, 0, 51, 0, 0, 0, 0, 0, 1, 9, 61
"c:\omnora OS\frontend\src\components\cms\blocks\AdSenseSlot.tsx", "TypeScript JSX", 0, 0, 0, 0, 0, 74, 0, 0, 0, 0, 0, 1, 9, 84
"c:\omnora OS\frontend\src\components\cms\editors\FeaturedProductEditor.tsx", "TypeScript JSX", 0, 0, 0, 0, 0, 109, 0, 0, 0, 0, 0, 0, 12, 121
"c:\omnora OS\frontend\src\components\cms\editors\IntelligenceEditor.tsx", "TypeScript JSX", 0, 0, 0, 0, 0, 68, 0, 0, 0, 0, 0, 2, 9, 79
"c:\omnora OS\frontend\src\components\cms\editors\LinkPickerEditor.tsx", "TypeScript JSX", 0, 0, 0, 0, 0, 109, 0, 0, 0, 0, 0, 1, 11, 121
"c:\omnora OS\frontend\src\components\cms\editors\ProductGridEditor.tsx", "TypeScript JSX", 0, 0, 0, 0, 0, 327, 0, 0, 0, 0, 0, 13, 28, 368
"c:\omnora OS\frontend\src\components\cms\help\SuggestionBubble.tsx", "TypeScript JSX", 0, 0, 0, 0, 0, 138, 0, 0, 0, 0, 0, 0, 7, 145
"c:\omnora OS\frontend\src\components\cms\help\TourOverlay.tsx", "TypeScript JSX", 0, 0, 0, 0, 0, 167, 0, 0, 0, 0, 0, 3, 15, 185
"c:\omnora OS\frontend\src\components\cms\properties\PropertyPanel.tsx", "TypeScript JSX", 0, 0, 0, 0, 0, 297, 0, 0, 0, 0, 0, 7, 35, 339
"c:\omnora OS\frontend\src\components\cms\properties\propConfigurations.ts", "TypeScript", 0, 0, 0, 1072, 0, 0, 0, 0, 0, 0, 0, 4, 30, 1106
"c:\omnora OS\frontend\src\components\dashboard\MerchantStats.tsx", "TypeScript JSX", 0, 0, 0, 0, 0, 93, 0, 0, 0, 0, 0, 4, 17, 114
"c:\omnora OS\frontend\src\components\dashboard\OrderListTable.tsx", "TypeScript JSX", 0, 0, 0, 0, 0, 139, 0, 0, 0, 0, 0, 0, 17, 156
"c:\omnora OS\frontend\src\components\dashboard\PaymentMethodBuilder.tsx", "TypeScript JSX", 0, 0, 0, 0, 0, 164, 0, 0, 0, 0, 0, 2, 19, 185
"c:\omnora OS\frontend\src\components\dashboard\TutorialOverlay.tsx", "TypeScript JSX", 0, 0, 0, 0, 0, 112, 0, 0, 0, 0, 0, 4, 13, 129
"c:\omnora OS\frontend\src\components\fomo\FomoCounter.tsx", "TypeScript JSX", 0, 0, 0, 0, 0, 78, 0, 0, 0, 0, 0, 2, 9, 89
"c:\omnora OS\frontend\src\components\home\ErrorBoundary.css", "CSS", 0, 0, 0, 0, 0, 0, 0, 0, 124, 0, 0, 0, 17, 141
"c:\omnora OS\frontend\src\components\home\HowItWorks.tsx", "TypeScript JSX", 0, 0, 0, 0, 0, 40, 0, 0, 0, 0, 0, 4, 5, 49
"c:\omnora OS\frontend\src\components\home\Newsletter.tsx", "TypeScript JSX", 0, 0, 0, 0, 0, 69, 0, 0, 0, 0, 0, 1, 8, 78
"c:\omnora OS\frontend\src\components\home\TechStack.css", "CSS", 0, 0, 0, 0, 0, 0, 0, 0, 389, 0, 0, 0, 54, 443
"c:\omnora OS\frontend\src\components\home\Testimonials.tsx", "TypeScript JSX", 0, 0, 0, 0, 0, 71, 0, 0, 0, 0, 0, 4, 7, 82
"c:\omnora OS\frontend\src\components\home\TrustSection.tsx", "TypeScript JSX", 0, 0, 0, 0, 0, 32, 0, 0, 0, 0, 0, 0, 2, 34
"c:\omnora OS\frontend\src\components\home\WhyUs.tsx", "TypeScript JSX", 0, 0, 0, 0, 0, 28, 0, 0, 0, 0, 0, 0, 3, 31
"c:\omnora OS\frontend\src\components\home\tech.tsx", "TypeScript JSX", 0, 0, 0, 0, 0, 147, 0, 0, 0, 0, 0, 9, 18, 174
"c:\omnora OS\frontend\src\components\home\testimonials.css", "CSS", 0, 0, 0, 0, 0, 0, 0, 0, 185, 0, 0, 0, 25, 210
"c:\omnora OS\frontend\src\components\media\LogoPicker.tsx", "TypeScript JSX", 0, 0, 0, 0, 0, 304, 0, 0, 0, 0, 0, 4, 25, 333
"c:\omnora OS\frontend\src\components\merchant\RecoveryList.tsx", "TypeScript JSX", 0, 0, 0, 0, 0, 97, 0, 0, 0, 0, 0, 3, 15, 115
"c:\omnora OS\frontend\src\components\onboarding\StoreSetupWizard.tsx", "TypeScript JSX", 0, 0, 0, 0, 0, 232, 0, 0, 0, 0, 0, 9, 31, 272
"c:\omnora OS\frontend\src\components\orders\OrderTracking.css", "CSS", 0, 0, 0, 0, 0, 0, 0, 0, 81, 0, 0, 0, 12, 93
"c:\omnora OS\frontend\src\components\orders\OrderTracking.tsx", "TypeScript JSX", 0, 0, 0, 0, 0, 54, 0, 0, 0, 0, 0, 0, 7, 61
"c:\omnora OS\frontend\src\components\pwa\PwaInstallPrompt.tsx", "TypeScript JSX", 0, 0, 0, 0, 0, 94, 0, 0, 0, 0, 0, 8, 19, 121
"c:\omnora OS\frontend\src\components\seller\AdminOrderManager.tsx", "TypeScript JSX", 0, 0, 0, 0, 0, 248, 0, 0, 0, 0, 0, 4, 15, 267
"c:\omnora OS\frontend\src\components\seller\AdminOverview.tsx", "TypeScript JSX", 0, 0, 0, 0, 0, 374, 0, 0, 0, 0, 0, 10, 28, 412
"c:\omnora OS\frontend\src\components\seller\AdminProductManager.tsx", "TypeScript JSX", 0, 0, 0, 0, 0, 441, 0, 0, 0, 0, 0, 8, 26, 475
"c:\omnora OS\frontend\src\components\seller\AiContentPanel.tsx", "TypeScript JSX", 0, 0, 0, 0, 0, 121, 0, 0, 0, 0, 0, 13, 24, 158
"c:\omnora OS\frontend\src\components\seller\AiInsights.tsx", "TypeScript JSX", 0, 0, 0, 0, 0, 179, 0, 0, 0, 0, 0, 4, 22, 205
"c:\omnora OS\frontend\src\components\seller\CategoryPicker.tsx", "TypeScript JSX", 0, 0, 0, 0, 0, 101, 0, 0, 0, 0, 0, 0, 9, 110
"c:\omnora OS\frontend\src\components\seller\DomainSettings.tsx", "TypeScript JSX", 0, 0, 0, 0, 0, 227, 0, 0, 0, 0, 0, 3, 23, 253
"c:\omnora OS\frontend\src\components\seller\InstallButton.tsx", "TypeScript JSX", 0, 0, 0, 0, 0, 33, 0, 0, 0, 0, 0, 0, 8, 41
"c:\omnora OS\frontend\src\components\seller\MerchantStats.tsx", "TypeScript JSX", 0, 0, 0, 0, 0, 100, 0, 0, 0, 0, 0, 9, 16, 125
"c:\omnora OS\frontend\src\components\seller\PaymentSettingsPanel.tsx", "TypeScript JSX", 0, 0, 0, 0, 0, 156, 0, 0, 0, 0, 0, 9, 24, 189
"c:\omnora OS\frontend\src\components\seller\PaymentVerificationQueue.tsx", "TypeScript JSX", 0, 0, 0, 0, 0, 108, 0, 0, 0, 0, 0, 0, 11, 119
"c:\omnora OS\frontend\src\components\seller\PrintView.tsx", "TypeScript JSX", 0, 0, 0, 0, 0, 48, 0, 0, 0, 0, 0, 0, 8, 56
"c:\omnora OS\frontend\src\components\seller\ProductEditor.tsx", "TypeScript JSX", 0, 0, 0, 0, 0, 543, 0, 0, 0, 0, 0, 26, 44, 613
"c:\omnora OS\frontend\src\components\seller\SellerAnalytics.css", "CSS", 0, 0, 0, 0, 0, 0, 0, 0, 110, 0, 0, 0, 16, 126
"c:\omnora OS\frontend\src\components\seller\SellerAnalytics.tsx", "TypeScript JSX", 0, 0, 0, 0, 0, 249, 0, 0, 0, 0, 0, 1, 14, 264
"c:\omnora OS\frontend\src\components\seller\SellerAnalyticsDashboard.tsx", "TypeScript JSX", 0, 0, 0, 0, 0, 176, 0, 0, 0, 0, 0, 11, 23, 210
"c:\omnora OS\frontend\src\components\seller\SellerInventory.css", "CSS", 0, 0, 0, 0, 0, 0, 0, 0, 181, 0, 0, 0, 30, 211
"c:\omnora OS\frontend\src\components\seller\SellerInventory.tsx", "TypeScript JSX", 0, 0, 0, 0, 0, 285, 0, 0, 0, 0, 0, 0, 16, 301
"c:\omnora OS\frontend\src\components\seller\StoreGenerator.tsx", "TypeScript JSX", 0, 0, 0, 0, 0, 259, 0, 0, 0, 0, 0, 15, 39, 313
"c:\omnora OS\frontend\src\components\seller\ThermalPrintStyles.css", "CSS", 0, 0, 0, 0, 0, 0, 0, 0, 29, 0, 0, 0, 3, 32
"c:\omnora OS\frontend\src\components\seller\WhatsAppTemplatesPanel.tsx", "TypeScript JSX", 0, 0, 0, 0, 0, 123, 0, 0, 0, 0, 0, 8, 26, 157
"c:\omnora OS\frontend\src\components\storefront\CartDrawer.tsx", "TypeScript JSX", 0, 0, 0, 0, 0, 231, 0, 0, 0, 0, 0, 13, 19, 263
"c:\omnora OS\frontend\src\components\storefront\CustomerDashboard.tsx", "TypeScript JSX", 0, 0, 0, 0, 0, 206, 0, 0, 0, 0, 0, 6, 24, 236
"c:\omnora OS\frontend\src\components\storefront\CustomerProfile.tsx", "TypeScript JSX", 0, 0, 0, 0, 0, 346, 0, 0, 0, 0, 0, 8, 35, 389
"c:\omnora OS\frontend\src\components\storefront\OmnoraBanner.tsx", "TypeScript JSX", 0, 0, 0, 0, 0, 47, 0, 0, 0, 0, 0, 3, 9, 59
"c:\omnora OS\frontend\src\components\storefront\OmnoraNotification.tsx", "TypeScript JSX", 0, 0, 0, 0, 0, 96, 0, 0, 0, 0, 0, 0, 8, 104
"c:\omnora OS\frontend\src\components\storefront\ThankYouPage.tsx", "TypeScript JSX", 0, 0, 0, 0, 0, 199, 0, 0, 0, 0, 0, 2, 23, 224
"c:\omnora OS\frontend\src\components\superadmin\GodModeDashboard.tsx", "TypeScript JSX", 0, 0, 0, 0, 0, 116, 0, 0, 0, 0, 0, 5, 13, 134
"c:\omnora OS\frontend\src\components\superadmin\MerchantLedger.tsx", "TypeScript JSX", 0, 0, 0, 0, 0, 109, 0, 0, 0, 0, 0, 0, 6, 115
"c:\omnora OS\frontend\src\components\superadmin\SuperAdminRoute.tsx", "TypeScript JSX", 0, 0, 0, 0, 0, 34, 0, 0, 0, 0, 0, 0, 8, 42
"c:\omnora OS\frontend\src\components\ui\CinematicLoader.tsx", "TypeScript JSX", 0, 0, 0, 0, 0, 54, 0, 0, 0, 0, 0, 4, 6, 64
"c:\omnora OS\frontend\src\components\ui\FloatingParticles.tsx", "TypeScript JSX", 0, 0, 0, 0, 0, 49, 0, 0, 0, 0, 0, 0, 3, 52
"c:\omnora OS\frontend\src\components\ui\LayerManager.tsx", "TypeScript JSX", 0, 0, 0, 0, 0, 94, 0, 0, 0, 0, 0, 2, 9, 105
"c:\omnora OS\frontend\src\components\ui\RadixSelect.tsx", "TypeScript JSX", 0, 0, 0, 0, 0, 71, 0, 0, 0, 0, 0, 0, 5, 76
"c:\omnora OS\frontend\src\components\ui\RenderPipeline.css", "CSS", 0, 0, 0, 0, 0, 0, 0, 0, 30, 0, 0, 0, 10, 40
"c:\omnora OS\frontend\src\components\ui\RenderPipelineOverlay.tsx", "TypeScript JSX", 0, 0, 0, 0, 0, 57, 0, 0, 0, 0, 0, 10, 13, 80
"c:\omnora OS\frontend\src\components\useMinimumLoadingTime.ts", "TypeScript", 0, 0, 0, 33, 0, 0, 0, 0, 0, 0, 0, 5, 5, 43
"c:\omnora OS\frontend\src\config\adConfig.json", "JSON", 0, 0, 109, 0, 0, 0, 0, 0, 0, 0, 0, 0, 2, 111
"c:\omnora OS\frontend\src\config\firebase.ts", "TypeScript", 0, 0, 0, 60, 0, 0, 0, 0, 0, 0, 0, 4, 5, 69
"c:\omnora OS\frontend\src\constants.ts", "TypeScript", 0, 0, 0, 1, 0, 0, 0, 0, 0, 0, 0, 0, 1, 2
"c:\omnora OS\frontend\src\context\AuthContext.tsx", "TypeScript JSX", 0, 0, 0, 0, 0, 294, 0, 0, 0, 0, 0, 20, 41, 355
"c:\omnora OS\frontend\src\context\BuilderContext.tsx", "TypeScript JSX", 0, 0, 0, 0, 0, 989, 0, 0, 0, 0, 0, 3, 126, 1118
"c:\omnora OS\frontend\src\context\CustomerAuthContext.tsx", "TypeScript JSX", 0, 0, 0, 0, 0, 125, 0, 0, 0, 0, 0, 6, 26, 157
"c:\omnora OS\frontend\src\context\MediaStoreContext.tsx", "TypeScript JSX", 0, 0, 0, 0, 0, 93, 0, 0, 0, 0, 0, 8, 14, 115
"c:\omnora OS\frontend\src\context\MerchantAuthContext.tsx", "TypeScript JSX", 0, 0, 0, 0, 0, 87, 0, 0, 0, 0, 0, 3, 14, 104
"c:\omnora OS\frontend\src\context\OmnoraContext.tsx", "TypeScript JSX", 0, 0, 0, 0, 0, 66, 0, 0, 0, 0, 0, 1, 9, 76
"c:\omnora OS\frontend\src\context\RenderPipelineContext.tsx", "TypeScript JSX", 0, 0, 0, 0, 0, 121, 0, 0, 0, 0, 0, 2, 18, 141
"c:\omnora OS\frontend\src\context\StorefrontContext.tsx", "TypeScript JSX", 0, 0, 0, 0, 0, 421, 0, 0, 0, 0, 0, 9, 55, 485
"c:\omnora OS\frontend\src\context\ThemeContext.tsx", "TypeScript JSX", 0, 0, 0, 0, 0, 48, 0, 0, 0, 0, 0, 1, 13, 62
"c:\omnora OS\frontend\src\context\Toast.css", "CSS", 0, 0, 0, 0, 0, 0, 0, 0, 121, 0, 0, 0, 18, 139
"c:\omnora OS\frontend\src\context\ToastContext.tsx", "TypeScript JSX", 0, 0, 0, 0, 0, 70, 0, 0, 0, 0, 0, 3, 14, 87
"c:\omnora OS\frontend\src\data\fallbackProducts.ts", "TypeScript", 0, 0, 0, 92, 0, 0, 0, 0, 0, 0, 0, 0, 0, 92
"c:\omnora OS\frontend\src\hooks\BindResolver.ts", "TypeScript", 0, 0, 0, 122, 0, 0, 0, 0, 0, 0, 0, 8, 25, 155
"c:\omnora OS\frontend\src\hooks\useBuilderInteractionStore.ts", "TypeScript", 0, 0, 0, 91, 0, 0, 0, 0, 0, 0, 0, 5, 20, 116
"c:\omnora OS\frontend\src\hooks\useCart.ts", "TypeScript", 0, 0, 0, 45, 0, 0, 0, 0, 0, 0, 0, 0, 4, 49
"c:\omnora OS\frontend\src\hooks\useHistory.ts", "TypeScript", 0, 0, 0, 35, 0, 0, 0, 0, 0, 0, 0, 5, 9, 49
"c:\omnora OS\frontend\src\hooks\useImageLoader.ts", "TypeScript", 0, 0, 0, 73, 0, 0, 0, 0, 0, 0, 0, 27, 23, 123
"c:\omnora OS\frontend\src\hooks\useInventorySync.ts", "TypeScript", 0, 0, 0, 62, 0, 0, 0, 0, 0, 0, 0, 4, 12, 78
"c:\omnora OS\frontend\src\hooks\useJobPolling.ts", "TypeScript", 0, 0, 0, 46, 0, 0, 0, 0, 0, 0, 0, 1, 6, 53
"c:\omnora OS\frontend\src\hooks\useMinimumLoadingTime.ts", "TypeScript", 0, 0, 0, 31, 0, 0, 0, 0, 0, 0, 0, 0, 6, 37
"c:\omnora OS\frontend\src\hooks\useNodeSelector.ts", "TypeScript", 0, 0, 0, 68, 0, 0, 0, 0, 0, 0, 0, 5, 14, 87
"c:\omnora OS\frontend\src\hooks\useScrollReveal.ts", "TypeScript", 0, 0, 0, 26, 0, 0, 0, 0, 0, 0, 0, 1, 7, 34
"c:\omnora OS\frontend\src\hooks\useStoreHydration.ts", "TypeScript", 0, 0, 0, 26, 0, 0, 0, 0, 0, 0, 0, 2, 4, 32
"c:\omnora OS\frontend\src\hooks\useStorefront.ts", "TypeScript", 0, 0, 0, 55, 0, 0, 0, 0, 0, 0, 0, 6, 11, 72
"c:\omnora OS\frontend\src\index.css", "CSS", 0, 0, 0, 0, 0, 0, 0, 0, 530, 0, 0, 0, 89, 619
"c:\omnora OS\frontend\src\lib\CommandExecutor.ts", "TypeScript", 0, 0, 0, 47, 0, 0, 0, 0, 0, 0, 0, 1, 6, 54
"c:\omnora OS\frontend\src\lib\GeoService.ts", "TypeScript", 0, 0, 0, 31, 0, 0, 0, 0, 0, 0, 0, 1, 7, 39
"c:\omnora OS\frontend\src\lib\LocalAIEngine.ts", "TypeScript", 0, 0, 0, 241, 0, 0, 0, 0, 0, 0, 0, 9, 58, 308
"c:\omnora OS\frontend\src\lib\SuperAdminClient.ts", "TypeScript", 0, 0, 0, 51, 0, 0, 0, 0, 0, 0, 0, 2, 11, 64
"c:\omnora OS\frontend\src\lib\cinematicStyles.ts", "TypeScript", 0, 0, 0, 251, 0, 0, 0, 0, 0, 0, 0, 15, 41, 307
"c:\omnora OS\frontend\src\lib\loadingManager.ts", "TypeScript", 0, 0, 0, 135, 0, 0, 0, 0, 0, 0, 0, 20, 27, 182
"c:\omnora OS\frontend\src\lib\mediaUploader.ts", "TypeScript", 0, 0, 0, 95, 0, 0, 0, 0, 0, 0, 0, 9, 20, 124
"c:\omnora OS\frontend\src\lib\supabaseClient.ts", "TypeScript", 0, 0, 0, 73, 0, 0, 0, 0, 0, 0, 0, 1, 10, 84
"c:\omnora OS\frontend\src\main.tsx", "TypeScript JSX", 0, 0, 0, 0, 0, 132, 0, 0, 0, 0, 0, 10, 11, 153
"c:\omnora OS\frontend\src\pages\About.css", "CSS", 0, 0, 0, 0, 0, 0, 0, 0, 202, 0, 0, 0, 39, 241
"c:\omnora OS\frontend\src\pages\About.tsx", "TypeScript JSX", 0, 0, 0, 0, 0, 138, 0, 0, 0, 0, 0, 6, 15, 159
"c:\omnora OS\frontend\src\pages\AdminAnalytics.css", "CSS", 0, 0, 0, 0, 0, 0, 0, 0, 241, 0, 0, 0, 35, 276
"c:\omnora OS\frontend\src\pages\AdminAnalytics.tsx", "TypeScript JSX", 0, 0, 0, 0, 0, 152, 0, 0, 0, 0, 0, 9, 15, 176
"c:\omnora OS\frontend\src\pages\AdminApprove.css", "CSS", 0, 0, 0, 0, 0, 0, 0, 0, 207, 0, 0, 0, 30, 237
"c:\omnora OS\frontend\src\pages\AdminApprove.tsx", "TypeScript JSX", 0, 0, 0, 0, 0, 94, 0, 0, 0, 0, 0, 1, 18, 113
"c:\omnora OS\frontend\src\pages\AdminDashboard.css", "CSS", 0, 0, 0, 0, 0, 0, 0, 0, 1118, 0, 0, 0, 172, 1290
"c:\omnora OS\frontend\src\pages\AdminDashboard.tsx", "TypeScript JSX", 0, 0, 0, 0, 0, 201, 0, 0, 0, 0, 0, 9, 25, 235
"c:\omnora OS\frontend\src\pages\AdminOrders.css", "CSS", 0, 0, 0, 0, 0, 0, 0, 0, 307, 0, 0, 0, 49, 356
"c:\omnora OS\frontend\src\pages\AdminOrders.tsx", "TypeScript JSX", 0, 0, 0, 0, 0, 223, 0, 0, 0, 0, 0, 1, 16, 240
"c:\omnora OS\frontend\src\pages\AdminProducts.css", "CSS", 0, 0, 0, 0, 0, 0, 0, 0, 331, 0, 0, 0, 53, 384
"c:\omnora OS\frontend\src\pages\AdminProducts.tsx", "TypeScript JSX", 0, 0, 0, 0, 0, 220, 0, 0, 0, 0, 0, 0, 20, 240
"c:\omnora OS\frontend\src\pages\AdminUsers.css", "CSS", 0, 0, 0, 0, 0, 0, 0, 0, 225, 0, 0, 0, 32, 257
"c:\omnora OS\frontend\src\pages\AdminUsers.tsx", "TypeScript JSX", 0, 0, 0, 0, 0, 163, 0, 0, 0, 0, 0, 1, 17, 181
"c:\omnora OS\frontend\src\pages\Cart.css", "CSS", 0, 0, 0, 0, 0, 0, 0, 0, 222, 0, 0, 0, 36, 258
"c:\omnora OS\frontend\src\pages\Cart.tsx", "TypeScript JSX", 0, 0, 0, 0, 0, 177, 0, 0, 0, 0, 0, 0, 179, 356
"c:\omnora OS\frontend\src\pages\Checkout.css", "CSS", 0, 0, 0, 0, 0, 0, 0, 0, 278, 0, 0, 0, 39, 317
"c:\omnora OS\frontend\src\pages\Checkout.tsx", "TypeScript JSX", 0, 0, 0, 0, 0, 482, 0, 0, 0, 0, 0, 11, 44, 537
"c:\omnora OS\frontend\src\pages\Collection.css", "CSS", 0, 0, 0, 0, 0, 0, 0, 0, 554, 0, 0, 0, 91, 645
"c:\omnora OS\frontend\src\pages\Collection.tsx", "TypeScript JSX", 0, 0, 0, 0, 0, 229, 0, 0, 0, 0, 0, 13, 28, 270
"c:\omnora OS\frontend\src\pages\Contact.css", "CSS", 0, 0, 0, 0, 0, 0, 0, 0, 136, 0, 0, 0, 22, 158
"c:\omnora OS\frontend\src\pages\FAQ.css", "CSS", 0, 0, 0, 0, 0, 0, 0, 0, 148, 0, 0, 0, 25, 173
"c:\omnora OS\frontend\src\pages\Home.tsx", "TypeScript JSX", 0, 0, 0, 0, 0, 382, 0, 0, 0, 0, 0, 9, 35, 426
"c:\omnora OS\frontend\src\pages\HomeWithAds.tsx", "TypeScript JSX", 0, 0, 0, 0, 0, 14, 0, 0, 0, 0, 0, 4, 4, 22
"c:\omnora OS\frontend\src\pages\LegalPages.css", "CSS", 0, 0, 0, 0, 0, 0, 0, 0, 94, 0, 0, 0, 16, 110
"c:\omnora OS\frontend\src\pages\Login.css", "CSS", 0, 0, 0, 0, 0, 0, 0, 0, 215, 0, 0, 0, 31, 246
"c:\omnora OS\frontend\src\pages\Login.tsx", "TypeScript JSX", 0, 0, 0, 0, 0, 255, 0, 0, 0, 0, 0, 12, 190, 457
"c:\omnora OS\frontend\src\pages\NotFound.css", "CSS", 0, 0, 0, 0, 0, 0, 0, 0, 42, 0, 0, 0, 7, 49
"c:\omnora OS\frontend\src\pages\NotFound.tsx", "TypeScript JSX", 0, 0, 0, 0, 0, 28, 0, 0, 0, 0, 0, 0, 3, 31
"c:\omnora OS\frontend\src\pages\OmnoraCollection.css", "CSS", 0, 0, 0, 0, 0, 0, 0, 0, 348, 0, 0, 0, 56, 404
"c:\omnora OS\frontend\src\pages\OmnoraContact.css", "CSS", 0, 0, 0, 0, 0, 0, 0, 0, 201, 0, 0, 0, 36, 237
"c:\omnora OS\frontend\src\pages\OmnoraContact.tsx", "TypeScript JSX", 0, 0, 0, 0, 0, 162, 0, 0, 0, 0, 0, 5, 20, 187
"c:\omnora OS\frontend\src\pages\OmnoraFAQ.css", "CSS", 0, 0, 0, 0, 0, 0, 0, 0, 192, 0, 0, 0, 35, 227
"c:\omnora OS\frontend\src\pages\OmnoraFAQ.tsx", "TypeScript JSX", 0, 0, 0, 0, 0, 123, 0, 0, 0, 0, 0, 5, 18, 146
"c:\omnora OS\frontend\src\pages\OmnoraFinal.css", "CSS", 0, 0, 0, 0, 0, 0, 0, 0, 800, 0, 0, 0, 112, 912
"c:\omnora OS\frontend\src\pages\OrderConfirmation.css", "CSS", 0, 0, 0, 0, 0, 0, 0, 0, 210, 0, 0, 0, 33, 243
"c:\omnora OS\frontend\src\pages\OrderConfirmation.tsx", "TypeScript JSX", 0, 0, 0, 0, 0, 149, 0, 0, 0, 0, 0, 13, 19, 181
"c:\omnora OS\frontend\src\pages\OrderDetail.css", "CSS", 0, 0, 0, 0, 0, 0, 0, 0, 213, 0, 0, 0, 34, 247
"c:\omnora OS\frontend\src\pages\OrderDetail.tsx", "TypeScript JSX", 0, 0, 0, 0, 0, 231, 0, 0, 0, 0, 0, 11, 23, 265
"c:\omnora OS\frontend\src\pages\PaymentSuccess.css", "CSS", 0, 0, 0, 0, 0, 0, 0, 0, 126, 0, 0, 0, 20, 146
"c:\omnora OS\frontend\src\pages\PaymentSuccess.tsx", "TypeScript JSX", 0, 0, 0, 0, 0, 50, 0, 0, 0, 0, 0, 3, 9, 62
"c:\omnora OS\frontend\src\pages\Privacy.tsx", "TypeScript JSX", 0, 0, 0, 0, 0, 41, 0, 0, 0, 0, 0, 0, 5, 46
"c:\omnora OS\frontend\src\pages\Product.css", "CSS", 0, 0, 0, 0, 0, 0, 0, 0, 241, 0, 0, 0, 37, 278
"c:\omnora OS\frontend\src\pages\Product.tsx", "TypeScript JSX", 0, 0, 0, 0, 0, 227, 0, 0, 0, 0, 0, 10, 33, 270
"c:\omnora OS\frontend\src\pages\Profile.css", "CSS", 0, 0, 0, 0, 0, 0, 0, 0, 226, 0, 0, 0, 35, 261
"c:\omnora OS\frontend\src\pages\Profile.tsx", "TypeScript JSX", 0, 0, 0, 0, 0, 266, 0, 0, 0, 0, 0, 7, 21, 294
"c:\omnora OS\frontend\src\pages\Register.tsx", "TypeScript JSX", 0, 0, 0, 0, 0, 9, 0, 0, 0, 0, 0, 1, 4, 14
"c:\omnora OS\frontend\src\pages\RoleSelector.css", "CSS", 0, 0, 0, 0, 0, 0, 0, 0, 43, 0, 0, 0, 5, 48
"c:\omnora OS\frontend\src\pages\SellerDashboard.css", "CSS", 0, 0, 0, 0, 0, 0, 0, 0, 275, 0, 0, 0, 41, 316
"c:\omnora OS\frontend\src\pages\SellerDashboard.tsx", "TypeScript JSX", 0, 0, 0, 0, 0, 395, 0, 0, 0, 0, 0, 21, 43, 459
"c:\omnora OS\frontend\src\pages\SizeGuide.tsx", "TypeScript JSX", 0, 0, 0, 0, 0, 78, 0, 0, 0, 0, 0, 0, 5, 83
"c:\omnora OS\frontend\src\pages\StorefrontTestPage.tsx", "TypeScript JSX", 0, 0, 0, 0, 0, 60, 0, 0, 0, 0, 0, 1, 6, 67
"c:\omnora OS\frontend\src\pages\Terms.tsx", "TypeScript JSX", 0, 0, 0, 0, 0, 45, 0, 0, 0, 0, 0, 0, 6, 51
"c:\omnora OS\frontend\src\pages\Wishlist.css", "CSS", 0, 0, 0, 0, 0, 0, 0, 0, 126, 0, 0, 0, 20, 146
"c:\omnora OS\frontend\src\pages\Wishlist.tsx", "TypeScript JSX", 0, 0, 0, 0, 0, 141, 0, 0, 0, 0, 0, 6, 17, 164
"c:\omnora OS\frontend\src\pages\admin\Billing.tsx", "TypeScript JSX", 0, 0, 0, 0, 0, 135, 0, 0, 0, 0, 0, 0, 14, 149
"c:\omnora OS\frontend\src\pages\admin\VariantManager.tsx", "TypeScript JSX", 0, 0, 0, 0, 0, 117, 0, 0, 0, 0, 0, 2, 11, 130
"c:\omnora OS\frontend\src\pages\builder\BuilderHelpPage.tsx", "TypeScript JSX", 0, 0, 0, 0, 0, 292, 0, 0, 0, 0, 0, 5, 15, 312
"c:\omnora OS\frontend\src\pages\index.css", "CSS", 0, 0, 0, 0, 0, 0, 0, 0, 5, 0, 0, 0, 2, 7
"c:\omnora OS\frontend\src\pages\marketing\LandingPage.tsx", "TypeScript JSX", 0, 0, 0, 0, 0, 108, 0, 0, 0, 0, 0, 5, 12, 125
"c:\omnora OS\frontend\src\pages\seller\SellerProfile.tsx", "TypeScript JSX", 0, 0, 0, 0, 0, 309, 0, 0, 0, 0, 0, 12, 33, 354
"c:\omnora OS\frontend\src\pages\super-admin\Payments.tsx", "TypeScript JSX", 0, 0, 0, 0, 0, 66, 0, 0, 0, 0, 0, 0, 7, 73
"c:\omnora OS\frontend\src\pages\super-admin\SuperAdminPaymentController.ts", "TypeScript", 0, 0, 0, 46, 0, 0, 0, 0, 0, 0, 0, 4, 11, 61
"c:\omnora OS\frontend\src\platform\ai\DataCruncher.ts", "TypeScript", 0, 0, 0, 84, 0, 0, 0, 0, 0, 0, 0, 10, 14, 108
"c:\omnora OS\frontend\src\platform\client\AssetContext.tsx", "TypeScript JSX", 0, 0, 0, 0, 0, 108, 0, 0, 0, 0, 0, 1, 10, 119
"c:\omnora OS\frontend\src\platform\client\ComponentWrapper.tsx", "TypeScript JSX", 0, 0, 0, 0, 0, 111, 0, 0, 0, 0, 0, 2, 12, 125
"c:\omnora OS\frontend\src\platform\client\OmnoraContext.tsx", "TypeScript JSX", 0, 0, 0, 0, 0, 66, 0, 0, 0, 0, 0, 1, 9, 76
"c:\omnora OS\frontend\src\platform\client\OmnoraRenderer.tsx", "TypeScript JSX", 0, 0, 0, 0, 0, 161, 0, 0, 0, 0, 0, 10, 25, 196
"c:\omnora OS\frontend\src\platform\client\bootstrap.tsx", "TypeScript JSX", 0, 0, 0, 0, 0, 263, 0, 0, 0, 0, 0, 9, 25, 297
"c:\omnora OS\frontend\src\platform\components\OmnoraBlocks.tsx", "TypeScript JSX", 0, 0, 0, 0, 0, 554, 0, 0, 0, 0, 0, 9, 70, 633
"c:\omnora OS\frontend\src\platform\core\AnalyticsClient.ts", "TypeScript", 0, 0, 0, 93, 0, 0, 0, 0, 0, 0, 0, 8, 22, 123
"c:\omnora OS\frontend\src\platform\core\CartStore.ts", "TypeScript", 0, 0, 0, 227, 0, 0, 0, 0, 0, 0, 0, 12, 41, 280
"c:\omnora OS\frontend\src\platform\core\DataLink.ts", "TypeScript", 0, 0, 0, 33, 0, 0, 0, 0, 0, 0, 0, 0, 5, 38
"c:\omnora OS\frontend\src\platform\core\DatabaseClient.ts", "TypeScript", 0, 0, 0, 422, 0, 0, 0, 0, 0, 0, 0, 20, 63, 505
"c:\omnora OS\frontend\src\platform\core\DatabaseTypes.ts", "TypeScript", 0, 0, 0, 179, 0, 0, 0, 0, 0, 0, 0, 10, 28, 217
"c:\omnora OS\frontend\src\platform\core\Dispatcher.ts", "TypeScript", 0, 0, 0, 119, 0, 0, 0, 0, 0, 0, 0, 3, 29, 151
"c:\omnora OS\frontend\src\platform\core\DomainRouter.ts", "TypeScript", 0, 0, 0, 115, 0, 0, 0, 0, 0, 0, 0, 8, 16, 139
"c:\omnora OS\frontend\src\platform\core\Logger.ts", "TypeScript", 0, 0, 0, 21, 0, 0, 0, 0, 0, 0, 0, 0, 4, 25
"c:\omnora OS\frontend\src\platform\core\NodeStore.ts", "TypeScript", 0, 0, 0, 69, 0, 0, 0, 0, 0, 0, 0, 1, 16, 86
"c:\omnora OS\frontend\src\platform\core\OrderStore.ts", "TypeScript", 0, 0, 0, 152, 0, 0, 0, 0, 0, 0, 0, 7, 38, 197
"c:\omnora OS\frontend\src\platform\core\Registry.ts", "TypeScript", 0, 0, 0, 160, 0, 0, 0, 0, 0, 0, 0, 3, 16, 179
"c:\omnora OS\frontend\src\platform\core\StorageClient.ts", "TypeScript", 0, 0, 0, 91, 0, 0, 0, 0, 0, 0, 0, 5, 27, 123
"c:\omnora OS\frontend\src\platform\core\SupabaseDatabaseClient.ts", "TypeScript", 0, 0, 0, 727, 0, 0, 0, 0, 0, 0, 0, 30, 113, 870
"c:\omnora OS\frontend\src\platform\core\SupabaseStorageClient.ts", "TypeScript", 0, 0, 0, 82, 0, 0, 0, 0, 0, 0, 0, 4, 20, 106
"c:\omnora OS\frontend\src\platform\core\SymbolManager.ts", "TypeScript", 0, 0, 0, 127, 0, 0, 0, 0, 0, 0, 0, 9, 26, 162
"c:\omnora OS\frontend\src\platform\core\TemplateResolver.ts", "TypeScript", 0, 0, 0, 162, 0, 0, 0, 0, 0, 0, 0, 3, 24, 189
"c:\omnora OS\frontend\src\platform\core\normalize.ts", "TypeScript", 0, 0, 0, 97, 0, 0, 0, 0, 0, 0, 0, 3, 12, 112
"c:\omnora OS\frontend\src\platform\core\types.ts", "TypeScript", 0, 0, 0, 66, 0, 0, 0, 0, 0, 0, 0, 3, 7, 76
"c:\omnora OS\frontend\src\platform\forge\ForgeController.ts", "TypeScript", 0, 0, 0, 181, 0, 0, 0, 0, 0, 0, 0, 10, 38, 229
"c:\omnora OS\frontend\src\platform\kernel\KernelTester.ts", "TypeScript", 0, 0, 0, 93, 0, 0, 0, 0, 0, 0, 0, 8, 15, 116
"c:\omnora OS\frontend\src\platform\kernel\MigrationScript.ts", "TypeScript", 0, 0, 0, 30, 0, 0, 0, 0, 0, 0, 0, 4, 7, 41
"c:\omnora OS\frontend\src\platform\kernel\NewPageInitializer.ts", "TypeScript", 0, 0, 0, 31, 0, 0, 0, 0, 0, 0, 0, 0, 1, 32
"c:\omnora OS\frontend\src\platform\kernel\OmnoraBootloader.ts", "TypeScript", 0, 0, 0, 67, 0, 0, 0, 0, 0, 0, 0, 3, 11, 81
"c:\omnora OS\frontend\src\platform\kernel\OmnoraKernel.ts", "TypeScript", 0, 0, 0, 91, 0, 0, 0, 0, 0, 0, 0, 7, 20, 118
"c:\omnora OS\frontend\src\platform\library\Blocks.tsx", "TypeScript JSX", 0, 0, 0, 0, 0, 140, 0, 0, 0, 0, 0, 1, 12, 153
"c:\omnora OS\frontend\src\platform\library\EditableComponents.tsx", "TypeScript JSX", 0, 0, 0, 0, 0, 551, 0, 0, 0, 0, 0, 13, 66, 630
"c:\omnora OS\frontend\src\platform\library\modules\DiscoveryEngine.tsx", "TypeScript JSX", 0, 0, 0, 0, 0, 169, 0, 0, 0, 0, 0, 2, 20, 191
"c:\omnora OS\frontend\src\platform\library\modules\ElementControlLayer.tsx", "TypeScript JSX", 0, 0, 0, 0, 0, 1338, 0, 0, 0, 0, 0, 46, 124, 1508
"c:\omnora OS\frontend\src\platform\library\modules\FeatureGridv5.tsx", "TypeScript JSX", 0, 0, 0, 0, 0, 167, 0, 0, 0, 0, 0, 5, 12, 184
"c:\omnora OS\frontend\src\platform\library\modules\FeatureModule.tsx", "TypeScript JSX", 0, 0, 0, 0, 0, 103, 0, 0, 0, 0, 0, 3, 11, 117
"c:\omnora OS\frontend\src\platform\library\modules\HeaderModule.tsx", "TypeScript JSX", 0, 0, 0, 0, 0, 116, 0, 0, 0, 0, 0, 3, 9, 128
"c:\omnora OS\frontend\src\platform\library\modules\HeroModule.tsx", "TypeScript JSX", 0, 0, 0, 0, 0, 157, 0, 0, 0, 0, 0, 10, 22, 189
"c:\omnora OS\frontend\src\platform\library\modules\IntelligenceModules.tsx", "TypeScript JSX", 0, 0, 0, 0, 0, 113, 0, 0, 0, 0, 0, 2, 14, 129
"c:\omnora OS\frontend\src\platform\library\modules\ProductModule.tsx", "TypeScript JSX", 0, 0, 0, 0, 0, 155, 0, 0, 0, 0, 0, 9, 23, 187
"c:\omnora OS\frontend\src\platform\library\modules\PromoModule.tsx", "TypeScript JSX", 0, 0, 0, 0, 0, 107, 0, 0, 0, 0, 0, 3, 11, 121
"c:\omnora OS\frontend\src\platform\library\modules\ReviewModule.tsx", "TypeScript JSX", 0, 0, 0, 0, 0, 94, 0, 0, 0, 0, 0, 2, 10, 106
"c:\omnora OS\frontend\src\platform\library\modules\SelectionEngine.tsx", "TypeScript JSX", 0, 0, 0, 0, 0, 192, 0, 0, 0, 0, 0, 0, 23, 215
"c:\omnora OS\frontend\src\platform\library\modules\SocialProofModule.tsx", "TypeScript JSX", 0, 0, 0, 0, 0, 66, 0, 0, 0, 0, 0, 0, 10, 76
"c:\omnora OS\frontend\src\platform\library\modules\StockScarcityModule.tsx", "TypeScript JSX", 0, 0, 0, 0, 0, 41, 0, 0, 0, 0, 0, 0, 6, 47
"c:\omnora OS\frontend\src\platform\library\modules\TransactionModule.tsx", "TypeScript JSX", 0, 0, 0, 0, 0, 139, 0, 0, 0, 0, 0, 3, 11, 153
"c:\omnora OS\frontend\src\platform\library\modules\TransactionPipeline.tsx", "TypeScript JSX", 0, 0, 0, 0, 0, 122, 0, 0, 0, 0, 0, 0, 15, 137
"c:\omnora OS\frontend\src\platform\library\modules\TrustEngine.tsx", "TypeScript JSX", 0, 0, 0, 0, 0, 53, 0, 0, 0, 0, 0, 0, 10, 63
"c:\omnora OS\frontend\src\platform\library\modules\TrustModule.tsx", "TypeScript JSX", 0, 0, 0, 0, 0, 148, 0, 0, 0, 0, 0, 7, 19, 174
"c:\omnora OS\frontend\src\platform\library\modules\UrgencyTimerModule.tsx", "TypeScript JSX", 0, 0, 0, 0, 0, 104, 0, 0, 0, 0, 0, 4, 19, 127
"c:\omnora OS\frontend\src\platform\navigation\LinkResolver.tsx", "TypeScript JSX", 0, 0, 0, 0, 0, 73, 0, 0, 0, 0, 0, 1, 10, 84
"c:\omnora OS\frontend\src\platform\publish\CleanRenderer.tsx", "TypeScript JSX", 0, 0, 0, 0, 0, 274, 0, 0, 0, 0, 0, 19, 46, 339
"c:\omnora OS\frontend\src\platform\publish\Publisher.ts", "TypeScript", 0, 0, 0, 162, 0, 0, 0, 0, 0, 0, 0, 10, 30, 202
"c:\omnora OS\frontend\src\platform\publish\RobustRenderer.tsx", "TypeScript JSX", 0, 0, 0, 0, 0, 119, 0, 0, 0, 0, 0, 3, 22, 144
"c:\omnora OS\frontend\src\platform\publish\StorefrontApp.tsx", "TypeScript JSX", 0, 0, 0, 0, 0, 232, 0, 0, 0, 0, 0, 16, 38, 286
"c:\omnora OS\frontend\src\routes.ts", "TypeScript", 0, 0, 0, 19, 0, 0, 0, 0, 0, 0, 0, 0, 1, 20
"c:\omnora OS\frontend\src\services\AbandonedCartService.ts", "TypeScript", 0, 0, 0, 102, 0, 0, 0, 0, 0, 0, 0, 3, 12, 117
"c:\omnora OS\frontend\src\services\CheckoutService.ts", "TypeScript", 0, 0, 0, 40, 0, 0, 0, 0, 0, 0, 0, 2, 5, 47
"c:\omnora OS\frontend\src\services\StorefrontCacheService.ts", "TypeScript", 0, 0, 0, 111, 0, 0, 0, 0, 0, 0, 0, 0, 15, 126
"c:\omnora OS\frontend\src\store\cartStore.ts", "TypeScript", 0, 0, 0, 99, 0, 0, 0, 0, 0, 0, 0, 4, 19, 122
"c:\omnora OS\frontend\src\stores\SyncManager.ts", "TypeScript", 0, 0, 0, 88, 0, 0, 0, 0, 0, 0, 0, 8, 17, 113
"c:\omnora OS\frontend\src\stores\useBuilderStore.ts", "TypeScript", 0, 0, 0, 243, 0, 0, 0, 0, 0, 0, 0, 26, 61, 330
"c:\omnora OS\frontend\src\stores\useGlobalThemeStore.ts", "TypeScript", 0, 0, 0, 257, 0, 0, 0, 0, 0, 0, 0, 14, 46, 317
"c:\omnora OS\frontend\src\stores\useProductDraftStore.ts", "TypeScript", 0, 0, 0, 144, 0, 0, 0, 0, 0, 0, 0, 15, 33, 192
"c:\omnora OS\frontend\src\stores\useSettingsStore.ts", "TypeScript", 0, 0, 0, 83, 0, 0, 0, 0, 0, 0, 0, 2, 15, 100
"c:\omnora OS\frontend\src\styles\Animations.css", "CSS", 0, 0, 0, 0, 0, 0, 0, 0, 140, 0, 0, 0, 31, 171
"c:\omnora OS\frontend\src\styles\Home.css", "CSS", 0, 0, 0, 0, 0, 0, 0, 0, 335, 0, 0, 0, 52, 387
"c:\omnora OS\frontend\src\styles\collection.css", "CSS", 0, 0, 0, 0, 0, 0, 0, 0, 165, 0, 0, 0, 28, 193
"c:\omnora OS\frontend\src\styles\product.css", "CSS", 0, 0, 0, 0, 0, 0, 0, 0, 209, 0, 0, 0, 33, 242
"c:\omnora OS\frontend\src\styles\theme.css", "CSS", 0, 0, 0, 0, 0, 0, 0, 0, 235, 0, 0, 0, 41, 276
"c:\omnora OS\frontend\src\utils\CouponValidator.ts", "TypeScript", 0, 0, 0, 69, 0, 0, 0, 0, 0, 0, 0, 2, 12, 83
"c:\omnora OS\frontend\src\utils\ImageResizer.ts", "TypeScript", 0, 0, 0, 35, 0, 0, 0, 0, 0, 0, 0, 7, 7, 49
"c:\omnora OS\frontend\src\utils\InvoiceGenerator.ts", "TypeScript", 0, 0, 0, 54, 0, 0, 0, 0, 0, 0, 0, 7, 15, 76
"c:\omnora OS\frontend\src\utils\JsonLdGenerator.ts", "TypeScript", 0, 0, 0, 61, 0, 0, 0, 0, 0, 0, 0, 2, 7, 70
"c:\omnora OS\frontend\src\utils\MediaProcessor.ts", "TypeScript", 0, 0, 0, 52, 0, 0, 0, 0, 0, 0, 0, 1, 9, 62
"c:\omnora OS\frontend\src\utils\OgImageGenerator.ts", "TypeScript", 0, 0, 0, 31, 0, 0, 0, 0, 0, 0, 0, 2, 6, 39
"c:\omnora OS\frontend\src\utils\OrderMessageUtility.ts", "TypeScript", 0, 0, 0, 50, 0, 0, 0, 0, 0, 0, 0, 0, 7, 57
"c:\omnora OS\frontend\src\utils\PixelManager.ts", "TypeScript", 0, 0, 0, 72, 0, 0, 0, 0, 0, 0, 0, 5, 12, 89
"c:\omnora OS\frontend\src\utils\PriceLogic.ts", "TypeScript", 0, 0, 0, 21, 0, 0, 0, 0, 0, 0, 0, 2, 7, 30
"c:\omnora OS\frontend\src\utils\SEOManager.ts", "TypeScript", 0, 0, 0, 45, 0, 0, 0, 0, 0, 0, 0, 7, 10, 62
"c:\omnora OS\frontend\src\utils\ThemeVariableGenerator.ts", "TypeScript", 0, 0, 0, 50, 0, 0, 0, 0, 0, 0, 0, 1, 11, 62
"c:\omnora OS\frontend\src\utils\VariantMatrixEngine.ts", "TypeScript", 0, 0, 0, 52, 0, 0, 0, 0, 0, 0, 0, 2, 9, 63
"c:\omnora OS\frontend\src\utils\builderUtils.ts", "TypeScript", 0, 0, 0, 109, 0, 0, 0, 0, 0, 0, 0, 3, 21, 133
"c:\omnora OS\frontend\src\utils\dns-check.ts", "TypeScript", 0, 0, 0, 41, 0, 0, 0, 0, 0, 0, 0, 0, 7, 48
"c:\omnora OS\frontend\src\utils\imageAnalysis.ts", "TypeScript", 0, 0, 0, 63, 0, 0, 0, 0, 0, 0, 0, 7, 9, 79
"c:\omnora OS\frontend\src\utils\nodeCloner.ts", "TypeScript", 0, 0, 0, 28, 0, 0, 0, 0, 0, 0, 0, 1, 7, 36
"c:\omnora OS\frontend\src\utils\productTransformer.ts", "TypeScript", 0, 0, 0, 50, 0, 0, 0, 0, 0, 0, 0, 1, 5, 56
"c:\omnora OS\frontend\src\utils\slugify.ts", "TypeScript", 0, 0, 0, 14, 0, 0, 0, 0, 0, 0, 0, 0, 2, 16
"c:\omnora OS\frontend\src\utils\stressTest.ts", "TypeScript", 0, 0, 0, 46, 0, 0, 0, 0, 0, 0, 0, 4, 11, 61
"c:\omnora OS\frontend\src\utils\whatsappOrderService.ts", "TypeScript", 0, 0, 0, 130, 0, 0, 0, 0, 0, 0, 0, 6, 25, 161
"c:\omnora OS\frontend\src\vite-env.d.ts", "TypeScript", 0, 0, 0, 24, 0, 0, 0, 0, 0, 0, 0, 1, 7, 32
"c:\omnora OS\frontend\tailwind.config.js", "JavaScript", 25, 0, 0, 0, 0, 0, 0, 0, 0, 0, 0, 0, 1, 26
"c:\omnora OS\frontend\tmp\inspect_merchants.js", "JavaScript", 27, 0, 0, 0, 0, 0, 0, 0, 0, 0, 0, 1, 7, 35
"c:\omnora OS\frontend\tsconfig.json", "JSON with Comments", 0, 0, 0, 0, 17, 0, 0, 0, 0, 0, 0, 0, 2, 19
"c:\omnora OS\frontend\vercel.json", "JSON", 0, 0, 8, 0, 0, 0, 0, 0, 0, 0, 0, 0, 0, 8
"c:\omnora OS\frontend\vite.config.ts", "TypeScript", 0, 0, 0, 180, 0, 0, 0, 0, 0, 0, 0, 3, 2, 185
"c:\omnora OS\gsgbackend\BULLMQ_STATUS.md", "Markdown", 0, 104, 0, 0, 0, 0, 0, 0, 0, 0, 0, 0, 32, 136
"c:\omnora OS\gsgbackend\COLLECTION_PAGE_FIX.md", "Markdown", 0, 99, 0, 0, 0, 0, 0, 0, 0, 0, 0, 0, 22, 121
"c:\omnora OS\gsgbackend\MONGODB_SETUP.md", "Markdown", 0, 112, 0, 0, 0, 0, 0, 0, 0, 0, 0, 0, 53, 165
"c:\omnora OS\gsgbackend\PRODUCTION_READINESS.md", "Markdown", 0, 112, 0, 0, 0, 0, 0, 0, 0, 0, 0, 0, 34, 146
"c:\omnora OS\gsgbackend\README.md", "Markdown", 0, 82, 0, 0, 0, 0, 0, 0, 0, 0, 0, 0, 29, 111
"c:\omnora OS\gsgbackend\SECURITY_FIXES.md", "Markdown", 0, 86, 0, 0, 0, 0, 0, 0, 0, 0, 0, 0, 22, 108
"c:\omnora OS\gsgbackend\bootstrap.js", "JavaScript", 80, 0, 0, 0, 0, 0, 0, 0, 0, 0, 0, 14, 19, 113
"c:\omnora OS\gsgbackend\check_status.js", "JavaScript", 7, 0, 0, 0, 0, 0, 0, 0, 0, 0, 0, 0, 1, 8
"c:\omnora OS\gsgbackend\config\env.js", "JavaScript", 121, 0, 0, 0, 0, 0, 0, 0, 0, 0, 0, 6, 18, 145
"c:\omnora OS\gsgbackend\config\supabaseAdmin.js", "JavaScript", 16, 0, 0, 0, 0, 0, 0, 0, 0, 0, 0, 0, 5, 21
"c:\omnora OS\gsgbackend\config\supabaseClient.js", "JavaScript", 18, 0, 0, 0, 0, 0, 0, 0, 0, 0, 0, 2, 7, 27
"c:\omnora OS\gsgbackend\controllers\adminController.js", "JavaScript", 194, 0, 0, 0, 0, 0, 0, 0, 0, 0, 0, 4, 30, 228
"c:\omnora OS\gsgbackend\controllers\aiController.js", "JavaScript", 58, 0, 0, 0, 0, 0, 0, 0, 0, 0, 0, 3, 11, 72
"c:\omnora OS\gsgbackend\controllers\analyticsController.js", "JavaScript", 82, 0, 0, 0, 0, 0, 0, 0, 0, 0, 0, 4, 12, 98
"c:\omnora OS\gsgbackend\controllers\authController.js", "JavaScript", 184, 0, 0, 0, 0, 0, 0, 0, 0, 0, 0, 26, 36, 246
"c:\omnora OS\gsgbackend\controllers\cartController.js", "JavaScript", 217, 0, 0, 0, 0, 0, 0, 0, 0, 0, 0, 0, 32, 249
"c:\omnora OS\gsgbackend\controllers\contactController.js", "JavaScript", 64, 0, 0, 0, 0, 0, 0, 0, 0, 0, 0, 3, 14, 81
"c:\omnora OS\gsgbackend\controllers\domainController.js", "JavaScript", 62, 0, 0, 0, 0, 0, 0, 0, 0, 0, 0, 3, 9, 74
"c:\omnora OS\gsgbackend\controllers\inventoryController.js", "JavaScript", 354, 0, 0, 0, 0, 0, 0, 0, 0, 0, 0, 4, 48, 406
"c:\omnora OS\gsgbackend\controllers\mediaController.js", "JavaScript", 72, 0, 0, 0, 0, 0, 0, 0, 0, 0, 0, 2, 13, 87
"c:\omnora OS\gsgbackend\controllers\newsletterController.js", "JavaScript", 59, 0, 0, 0, 0, 0, 0, 0, 0, 0, 0, 3, 12, 74
"c:\omnora OS\gsgbackend\controllers\orderController.js", "JavaScript", 616, 0, 0, 0, 0, 0, 0, 0, 0, 0, 0, 43, 96, 755
"c:\omnora OS\gsgbackend\controllers\paymentController.js", "JavaScript", 96, 0, 0, 0, 0, 0, 0, 0, 0, 0, 0, 2, 10, 108
"c:\omnora OS\gsgbackend\controllers\phase1Controller.js", "JavaScript", 467, 0, 0, 0, 0, 0, 0, 0, 0, 0, 0, 12, 93, 572
"c:\omnora OS\gsgbackend\controllers\phase2Controller.js", "JavaScript", 687, 0, 0, 0, 0, 0, 0, 0, 0, 0, 0, 36, 131, 854
"c:\omnora OS\gsgbackend\controllers\phase3Controller.js", "JavaScript", 808, 0, 0, 0, 0, 0, 0, 0, 0, 0, 0, 54, 155, 1017
"c:\omnora OS\gsgbackend\controllers\productController.js", "JavaScript", 296, 0, 0, 0, 0, 0, 0, 0, 0, 0, 0, 2, 41, 339
"c:\omnora OS\gsgbackend\controllers\recommendationController.js", "JavaScript", 213, 0, 0, 0, 0, 0, 0, 0, 0, 0, 0, 1, 32, 246
"c:\omnora OS\gsgbackend\controllers\reviewController.js", "JavaScript", 333, 0, 0, 0, 0, 0, 0, 0, 0, 0, 0, 6, 51, 390
"c:\omnora OS\gsgbackend\controllers\searchController.js", "JavaScript", 248, 0, 0, 0, 0, 0, 0, 0, 0, 0, 0, 3, 29, 280
"c:\omnora OS\gsgbackend\controllers\userController.js", "JavaScript", 243, 0, 0, 0, 0, 0, 0, 0, 0, 0, 0, 3, 48, 294
"c:\omnora OS\gsgbackend\controllers\webhookController.js", "JavaScript", 116, 0, 0, 0, 0, 0, 0, 0, 0, 0, 0, 13, 17, 146
"c:\omnora OS\gsgbackend\controllers\wishlistController.js", "JavaScript", 357, 0, 0, 0, 0, 0, 0, 0, 0, 0, 0, 2, 52, 411
"c:\omnora OS\gsgbackend\data\admin_action_logs.json", "JSON", 0, 0, 1, 0, 0, 0, 0, 0, 0, 0, 0, 0, 0, 1
"c:\omnora OS\gsgbackend\data\defaultProducts.js", "JavaScript", 87, 0, 0, 0, 0, 0, 0, 0, 0, 0, 0, 2, 3, 92
"c:\omnora OS\gsgbackend\data\event.json", "JSON", 0, 0, 8872, 0, 0, 0, 0, 0, 0, 0, 0, 0, 0, 8872
"c:\omnora OS\gsgbackend\data\orders.json", "JSON", 0, 0, 1, 0, 0, 0, 0, 0, 0, 0, 0, 0, 0, 1
"c:\omnora OS\gsgbackend\data\product.json", "JSON", 0, 0, 10686, 0, 0, 0, 0, 0, 0, 0, 0, 0, 0, 10686
"c:\omnora OS\gsgbackend\data\products.json", "JSON", 0, 0, 80, 0, 0, 0, 0, 0, 0, 0, 0, 0, 0, 80
"c:\omnora OS\gsgbackend\data\sitecontent.json", "JSON", 0, 0, 520, 0, 0, 0, 0, 0, 0, 0, 0, 0, 0, 520
"c:\omnora OS\gsgbackend\data\user.json", "JSON", 0, 0, 257, 0, 0, 0, 0, 0, 0, 0, 0, 0, 0, 257
"c:\omnora OS\gsgbackend\data\users.json", "JSON", 0, 0, 26, 0, 0, 0, 0, 0, 0, 0, 0, 0, 0, 26
"c:\omnora OS\gsgbackend\docs\API_OPERATIONS.md", "Markdown", 0, 42, 0, 0, 0, 0, 0, 0, 0, 0, 0, 0, 18, 60
"c:\omnora OS\gsgbackend\docs\RUNBOOK_ARCHITECTURE.md", "Markdown", 0, 32, 0, 0, 0, 0, 0, 0, 0, 0, 0, 0, 19, 51
"c:\omnora OS\gsgbackend\ecosystem.config.js", "JavaScript", 53, 0, 0, 0, 0, 0, 0, 0, 0, 0, 0, 0, 2, 55
"c:\omnora OS\gsgbackend\email-templates\order-cancelled.html", "HTML", 0, 0, 0, 0, 0, 0, 60, 0, 0, 0, 0, 0, 11, 71
"c:\omnora OS\gsgbackend\email-templates\order-delivered.html", "HTML", 0, 0, 0, 0, 0, 0, 60, 0, 0, 0, 0, 0, 10, 70
"c:\omnora OS\gsgbackend\email-templates\order-placed.html", "HTML", 0, 0, 0, 0, 0, 0, 71, 0, 0, 0, 0, 0, 12, 83
"c:\omnora OS\gsgbackend\email-templates\order-shipped.html", "HTML", 0, 0, 0, 0, 0, 0, 69, 0, 0, 0, 0, 0, 12, 81
"c:\omnora OS\gsgbackend\email-templates\payment-approved.html", "HTML", 0, 0, 0, 0, 0, 0, 69, 0, 0, 0, 0, 0, 12, 81
"c:\omnora OS\gsgbackend\jobs\cleanupInitiatedOrders.js", "JavaScript", 96, 0, 0, 0, 0, 0, 0, 0, 0, 0, 0, 6, 19, 121
"c:\omnora OS\gsgbackend\middleware\auth.js", "JavaScript", 125, 0, 0, 0, 0, 0, 0, 0, 0, 0, 0, 2, 23, 150
"c:\omnora OS\gsgbackend\middleware\authEnhanced.js", "JavaScript", 1, 0, 0, 0, 0, 0, 0, 0, 0, 0, 0, 0, 1, 2
"c:\omnora OS\gsgbackend\middleware\authMiddleware.js", "JavaScript", 1, 0, 0, 0, 0, 0, 0, 0, 0, 0, 0, 0, 0, 1
"c:\omnora OS\gsgbackend\middleware\gatekeeper.js", "JavaScript", 99, 0, 0, 0, 0, 0, 0, 0, 0, 0, 0, 12, 21, 132
"c:\omnora OS\gsgbackend\middleware\rateLimiter.js", "JavaScript", 28, 0, 0, 0, 0, 0, 0, 0, 0, 0, 0, 0, 7, 35
"c:\omnora OS\gsgbackend\middleware\tenantContext.js", "JavaScript", 54, 0, 0, 0, 0, 0, 0, 0, 0, 0, 0, 8, 11, 73
"c:\omnora OS\gsgbackend\middleware\validate.js", "JavaScript", 15, 0, 0, 0, 0, 0, 0, 0, 0, 0, 0, 0, 4, 19
"c:\omnora OS\gsgbackend\package-lock.json", "JSON", 0, 0, 9475, 0, 0, 0, 0, 0, 0, 0, 0, 0, 1, 9476
"c:\omnora OS\gsgbackend\package-production.json", "JSON", 0, 0, 71, 0, 0, 0, 0, 0, 0, 0, 0, 0, 1, 72
"c:\omnora OS\gsgbackend\package.json", "JSON", 0, 0, 57, 0, 0, 0, 0, 0, 0, 0, 0, 0, 1, 58
"c:\omnora OS\gsgbackend\routes\adminRoutes.js", "JavaScript", 20, 0, 0, 0, 0, 0, 0, 0, 0, 0, 0, 5, 7, 32
"c:\omnora OS\gsgbackend\routes\aiContentRoutes.js", "JavaScript", 42, 0, 0, 0, 0, 0, 0, 0, 0, 0, 0, 4, 10, 56
"c:\omnora OS\gsgbackend\routes\analyticsRoutes.js", "JavaScript", 6, 0, 0, 0, 0, 0, 0, 0, 0, 0, 0, 0, 4, 10
"c:\omnora OS\gsgbackend\routes\authRoutes.js", "JavaScript", 11, 0, 0, 0, 0, 0, 0, 0, 0, 0, 0, 4, 3, 18
"c:\omnora OS\gsgbackend\routes\cartRoutes.js", "JavaScript", 15, 0, 0, 0, 0, 0, 0, 0, 0, 0, 0, 1, 4, 20
"c:\omnora OS\gsgbackend\routes\cmsRoutes.js", "JavaScript", 291, 0, 0, 0, 0, 0, 0, 0, 0, 0, 0, 26, 55, 372
"c:\omnora OS\gsgbackend\routes\contactRoutes.js", "JavaScript", 9, 0, 0, 0, 0, 0, 0, 0, 0, 0, 0, 2, 3, 14
"c:\omnora OS\gsgbackend\routes\domainRoutes.js", "JavaScript", 7, 0, 0, 0, 0, 0, 0, 0, 0, 0, 0, 0, 3, 10
"c:\omnora OS\gsgbackend\routes\healthRoutes.js", "JavaScript", 57, 0, 0, 0, 0, 0, 0, 0, 0, 0, 0, 3, 8, 68
"c:\omnora OS\gsgbackend\routes\inventoryRoutes.js", "JavaScript", 20, 0, 0, 0, 0, 0, 0, 0, 0, 0, 0, 3, 6, 29
"c:\omnora OS\gsgbackend\routes\mediaRoutes.js", "JavaScript", 45, 0, 0, 0, 0, 0, 0, 0, 0, 0, 0, 4, 8, 57
"c:\omnora OS\gsgbackend\routes\newsletterRoutes.js", "JavaScript", 9, 0, 0, 0, 0, 0, 0, 0, 0, 0, 0, 2, 3, 14
"c:\omnora OS\gsgbackend\routes\onboardingRoutes.js", "JavaScript", 65, 0, 0, 0, 0, 0, 0, 0, 0, 0, 0, 10, 11, 86
"c:\omnora OS\gsgbackend\routes\orderRoutes.js", "JavaScript", 90, 0, 0, 0, 0, 0, 0, 0, 0, 0, 0, 17, 21, 128
"c:\omnora OS\gsgbackend\routes\paymentMethodRoutes.js", "JavaScript", 117, 0, 0, 0, 0, 0, 0, 0, 0, 0, 0, 7, 24, 148
"c:\omnora OS\gsgbackend\routes\paymentRoutes.js", "JavaScript", 13, 0, 0, 0, 0, 0, 0, 0, 0, 0, 0, 5, 7, 25
"c:\omnora OS\gsgbackend\routes\performanceHubRoutes.js", "JavaScript", 97, 0, 0, 0, 0, 0, 0, 0, 0, 0, 0, 11, 19, 127
"c:\omnora OS\gsgbackend\routes\phase1Routes.js", "JavaScript", 68, 0, 0, 0, 0, 0, 0, 0, 0, 0, 0, 33, 23, 124
"c:\omnora OS\gsgbackend\routes\phase2Routes.js", "JavaScript", 62, 0, 0, 0, 0, 0, 0, 0, 0, 0, 0, 28, 14, 104
"c:\omnora OS\gsgbackend\routes\phase3Routes.js", "JavaScript", 84, 0, 0, 0, 0, 0, 0, 0, 0, 0, 0, 46, 20, 150
"c:\omnora OS\gsgbackend\routes\productRoutes.js", "JavaScript", 21, 0, 0, 0, 0, 0, 0, 0, 0, 0, 0, 0, 4, 25
"c:\omnora OS\gsgbackend\routes\recommendationRoutes.js", "JavaScript", 16, 0, 0, 0, 0, 0, 0, 0, 0, 0, 0, 3, 6, 25
"c:\omnora OS\gsgbackend\routes\reviewRoutes.js", "JavaScript", 18, 0, 0, 0, 0, 0, 0, 0, 0, 0, 0, 3, 6, 27
"c:\omnora OS\gsgbackend\routes\searchRoutes.js", "JavaScript", 15, 0, 0, 0, 0, 0, 0, 0, 0, 0, 0, 2, 5, 22
"c:\omnora OS\gsgbackend\routes\sellerAnalyticsRoutes.js", "JavaScript", 44, 0, 0, 0, 0, 0, 0, 0, 0, 0, 0, 4, 7, 55
"c:\omnora OS\gsgbackend\routes\sellerRoutes.js", "JavaScript", 89, 0, 0, 0, 0, 0, 0, 0, 0, 0, 0, 1, 13, 103
"c:\omnora OS\gsgbackend\routes\userRoutes.js", "JavaScript", 21, 0, 0, 0, 0, 0, 0, 0, 0, 0, 0, 1, 4, 26
"c:\omnora OS\gsgbackend\routes\webhookRoutes.js", "JavaScript", 6, 0, 0, 0, 0, 0, 0, 0, 0, 0, 0, 0, 3, 9
"c:\omnora OS\gsgbackend\routes\whatsappTemplateRoutes.js", "JavaScript", 87, 0, 0, 0, 0, 0, 0, 0, 0, 0, 0, 7, 18, 112
"c:\omnora OS\gsgbackend\routes\wishlistRoutes.js", "JavaScript", 19, 0, 0, 0, 0, 0, 0, 0, 0, 0, 0, 3, 6, 28
"c:\omnora OS\gsgbackend\scripts\check-env-leaks.js", "JavaScript", 35, 0, 0, 0, 0, 0, 0, 0, 0, 0, 0, 0, 8, 43
"c:\omnora OS\gsgbackend\scripts\cleanup-port.js", "JavaScript", 44, 0, 0, 0, 0, 0, 0, 0, 0, 0, 0, 5, 5, 54
"c:\omnora OS\gsgbackend\scripts\createAdmin.js", "JavaScript", 59, 0, 0, 0, 0, 0, 0, 0, 0, 0, 0, 6, 12, 77
"c:\omnora OS\gsgbackend\scripts\precheck.js", "JavaScript", 59, 0, 0, 0, 0, 0, 0, 0, 0, 0, 0, 0, 10, 69
"c:\omnora OS\gsgbackend\scripts\seed-products-remote.js", "JavaScript", 46, 0, 0, 0, 0, 0, 0, 0, 0, 0, 0, 4, 11, 61
"c:\omnora OS\gsgbackend\scripts\seed-remote.js", "JavaScript", 52, 0, 0, 0, 0, 0, 0, 0, 0, 0, 0, 3, 10, 65
"c:\omnora OS\gsgbackend\scripts\seedProducts.js", "JavaScript", 147, 0, 0, 0, 0, 0, 0, 0, 0, 0, 0, 9, 13, 169
"c:\omnora OS\gsgbackend\scripts\set-admin.js", "JavaScript", 56, 0, 0, 0, 0, 0, 0, 0, 0, 0, 0, 1, 12, 69
"c:\omnora OS\gsgbackend\scripts\start-dev.js", "JavaScript", 15, 0, 0, 0, 0, 0, 0, 0, 0, 0, 0, 3, 7, 25
"c:\omnora OS\gsgbackend\scripts\test-approval-system.js", "JavaScript", 130, 0, 0, 0, 0, 0, 0, 0, 0, 0, 0, 25, 27, 182
"c:\omnora OS\gsgbackend\scripts\test-whatsapp.js", "JavaScript", 31, 0, 0, 0, 0, 0, 0, 0, 0, 0, 0, 0, 4, 35
"c:\omnora OS\gsgbackend\scripts\verify-system.js", "JavaScript", 105, 0, 0, 0, 0, 0, 0, 0, 0, 0, 0, 13, 23, 141
"c:\omnora OS\gsgbackend\server.js", "JavaScript", 112, 0, 0, 0, 0, 0, 0, 0, 0, 0, 0, 13, 19, 144
"c:\omnora OS\gsgbackend\services\aiContentService.js", "JavaScript", 191, 0, 0, 0, 0, 0, 0, 0, 0, 0, 0, 13, 37, 241
"c:\omnora OS\gsgbackend\services\aiQuotaService.js", "JavaScript", 75, 0, 0, 0, 0, 0, 0, 0, 0, 0, 0, 7, 16, 98
"c:\omnora OS\gsgbackend\services\analyticsService.js", "JavaScript", 131, 0, 0, 0, 0, 0, 0, 0, 0, 0, 0, 11, 35, 177
"c:\omnora OS\gsgbackend\services\cartService.js", "JavaScript", 318, 0, 0, 0, 0, 0, 0, 0, 0, 0, 0, 7, 39, 364
"c:\omnora OS\gsgbackend\services\dbService.js", "JavaScript", 20, 0, 0, 0, 0, 0, 0, 0, 0, 0, 0, 1, 5, 26
"c:\omnora OS\gsgbackend\services\emailService.js", "JavaScript", 198, 0, 0, 0, 0, 0, 0, 0, 0, 0, 0, 1, 23, 222
"c:\omnora OS\gsgbackend\services\logger.js", "JavaScript", 25, 0, 0, 0, 0, 0, 0, 0, 0, 0, 0, 0, 6, 31
"c:\omnora OS\gsgbackend\services\mailblusterService.js", "JavaScript", 69, 0, 0, 0, 0, 0, 0, 0, 0, 0, 0, 0, 12, 81
"c:\omnora OS\gsgbackend\services\manifestService.js", "JavaScript", 34, 0, 0, 0, 0, 0, 0, 0, 0, 0, 0, 1, 7, 42
"c:\omnora OS\gsgbackend\services\memoryDbService.js", "JavaScript", 45, 0, 0, 0, 0, 0, 0, 0, 0, 0, 0, 0, 10, 55
"c:\omnora OS\gsgbackend\services\onboardingService.js", "JavaScript", 108, 0, 0, 0, 0, 0, 0, 0, 0, 0, 0, 3, 15, 126
"c:\omnora OS\gsgbackend\services\paymentService.js", "JavaScript", 328, 0, 0, 0, 0, 0, 0, 0, 0, 0, 0, 55, 57, 440
"c:\omnora OS\gsgbackend\services\preflightService.js", "JavaScript", 50, 0, 0, 0, 0, 0, 0, 0, 0, 0, 0, 4, 7, 61
"c:\omnora OS\gsgbackend\services\queueService.js", "JavaScript", 169, 0, 0, 0, 0, 0, 0, 0, 0, 0, 0, 9, 23, 201
"c:\omnora OS\gsgbackend\services\recommendationService.js", "JavaScript", 229, 0, 0, 0, 0, 0, 0, 0, 0, 0, 0, 13, 36, 278
"c:\omnora OS\gsgbackend\services\searchService.js", "JavaScript", 254, 0, 0, 0, 0, 0, 0, 0, 0, 0, 0, 21, 47, 322
"c:\omnora OS\gsgbackend\services\shippingService.js", "JavaScript", 89, 0, 0, 0, 0, 0, 0, 0, 0, 0, 0, 10, 24, 123
"c:\omnora OS\gsgbackend\services\shipping\leopardsProvider.js", "JavaScript", 57, 0, 0, 0, 0, 0, 0, 0, 0, 0, 0, 1, 9, 67
"c:\omnora OS\gsgbackend\services\shipping\tcsProvider.js", "JavaScript", 23, 0, 0, 0, 0, 0, 0, 0, 0, 0, 0, 2, 6, 31
"c:\omnora OS\gsgbackend\services\shipping\traxProvider.js", "JavaScript", 58, 0, 0, 0, 0, 0, 0, 0, 0, 0, 0, 0, 9, 67
"c:\omnora OS\gsgbackend\services\stateService.js", "JavaScript", 146, 0, 0, 0, 0, 0, 0, 0, 0, 0, 0, 9, 29, 184
"c:\omnora OS\gsgbackend\services\waRateGuard.js", "JavaScript", 87, 0, 0, 0, 0, 0, 0, 0, 0, 0, 0, 11, 23, 121
"c:\omnora OS\gsgbackend\services\whatsappAutomationService.js", "JavaScript", 153, 0, 0, 0, 0, 0, 0, 0, 0, 0, 0, 13, 28, 194
"c:\omnora OS\gsgbackend\services\whatsappService.js", "JavaScript", 27, 0, 0, 0, 0, 0, 0, 0, 0, 0, 0, 1, 4, 32
"c:\omnora OS\gsgbackend\templates\home\electronics.json", "JSON", 0, 0, 67, 0, 0, 0, 0, 0, 0, 0, 0, 0, 0, 67
"c:\omnora OS\gsgbackend\templates\home\fashion.json", "JSON", 0, 0, 75, 0, 0, 0, 0, 0, 0, 0, 0, 0, 0, 75
"c:\omnora OS\gsgbackend\templates\home\general.json", "JSON", 0, 0, 59, 0, 0, 0, 0, 0, 0, 0, 0, 0, 0, 59
"c:\omnora OS\gsgbackend\test-boundaries.js", "JavaScript", 93, 0, 0, 0, 0, 0, 0, 0, 0, 0, 0, 8, 19, 120
"c:\omnora OS\gsgbackend\test_subscription.js", "JavaScript", 25, 0, 0, 0, 0, 0, 0, 0, 0, 0, 0, 0, 4, 29
"c:\omnora OS\gsgbackend\tests\QA-SECURITY-CHECKLIST.md", "Markdown", 0, 315, 0, 0, 0, 0, 0, 0, 0, 0, 0, 0, 117, 432
"c:\omnora OS\gsgbackend\tests\integration\bootstrap.test.js", "JavaScript", 61, 0, 0, 0, 0, 0, 0, 0, 0, 0, 0, 2, 10, 73
"c:\omnora OS\gsgbackend\tests\integration\payment-security.test.js", "JavaScript", 218, 0, 0, 0, 0, 0, 0, 0, 0, 0, 0, 27, 51, 296
"c:\omnora OS\gsgbackend\tests\security\jwt.test.js", "JavaScript", 88, 0, 0, 0, 0, 0, 0, 0, 0, 0, 0, 3, 24, 115
"c:\omnora OS\gsgbackend\tests\test_approval_flow.js", "JavaScript", 102, 0, 0, 0, 0, 0, 0, 0, 0, 0, 0, 10, 20, 132
"c:\omnora OS\gsgbackend\tests\unit\config.test.js", "JavaScript", 38, 0, 0, 0, 0, 0, 0, 0, 0, 0, 0, 0, 10, 48
"c:\omnora OS\gsgbackend\utils\LocalDB.js", "JavaScript", 230, 0, 0, 0, 0, 0, 0, 0, 0, 0, 0, 17, 46, 293
"c:\omnora OS\gsgbackend\utils\inventoryService.js", "JavaScript", 137, 0, 0, 0, 0, 0, 0, 0, 0, 0, 0, 2, 22, 161
"c:\omnora OS\gsgbackend\utils\modelFactory.js", "JavaScript", 66, 0, 0, 0, 0, 0, 0, 0, 0, 0, 0, 15, 18, 99
"c:\omnora OS\gsgbackend\utils\orderHashService.js", "JavaScript", 40, 0, 0, 0, 0, 0, 0, 0, 0, 0, 0, 3, 8, 51
"c:\omnora OS\gsgbackend\utils\phoneFormatter.js", "JavaScript", 56, 0, 0, 0, 0, 0, 0, 0, 0, 0, 0, 10, 17, 83
"c:\omnora OS\gsgbackend\utils\retryWithBackoff.js", "JavaScript", 62, 0, 0, 0, 0, 0, 0, 0, 0, 0, 0, 0, 10, 72
"c:\omnora OS\gsgbackend\utils\tenantStorage.js", "JavaScript", 3, 0, 0, 0, 0, 0, 0, 0, 0, 0, 0, 0, 3, 6
"c:\omnora OS\gsgbackend\utils\tokenService.js", "JavaScript", 74, 0, 0, 0, 0, 0, 0, 0, 0, 0, 0, 2, 11, 87
"c:\omnora OS\gsgbackend\utils\whatsappService.js", "JavaScript", 142, 0, 0, 0, 0, 0, 0, 0, 0, 0, 0, 0, 28, 170
"c:\omnora OS\gsgbackend\validators\orderValidators.js", "JavaScript", 36, 0, 0, 0, 0, 0, 0, 0, 0, 0, 0, 0, 8, 44
"c:\omnora OS\gsgbackend\validators\productValidators.js", "JavaScript", 28, 0, 0, 0, 0, 0, 0, 0, 0, 0, 0, 0, 8, 36
"c:\omnora OS\gsgbackend\validators\userValidator.js", "JavaScript", 23, 0, 0, 0, 0, 0, 0, 0, 0, 0, 0, 0, 5, 28
"c:\omnora OS\gsgbackend\validators\userValidators.js", "JavaScript", 41, 0, 0, 0, 0, 0, 0, 0, 0, 0, 0, 0, 8, 49
"c:\omnora OS\gsgbackend\verify-mongodb.js", "JavaScript", 95, 0, 0, 0, 0, 0, 0, 0, 0, 0, 0, 4, 23, 122
"c:\omnora OS\gsgbackend\verify-order-fix.js", "JavaScript", 42, 0, 0, 0, 0, 0, 0, 0, 0, 0, 0, 1, 9, 52
"c:\omnora OS\gsgbackend\verify-serverless.js", "JavaScript", 68, 0, 0, 0, 0, 0, 0, 0, 0, 0, 0, 11, 19, 98
"c:\omnora OS\gsgbackend\workers\notificationWorker.js", "JavaScript", 156, 0, 0, 0, 0, 0, 0, 0, 0, 0, 0, 17, 37, 210
"c:\omnora OS\list_all_events.js", "JavaScript", 19, 0, 0, 0, 0, 0, 0, 0, 0, 0, 0, 0, 2, 21
"c:\omnora OS\list_all_imports.js", "JavaScript", 40, 0, 0, 0, 0, 0, 0, 0, 0, 0, 0, 0, 5, 45
"c:\omnora OS\list_errors.js", "JavaScript", 19, 0, 0, 0, 0, 0, 0, 0, 0, 0, 0, 0, 2, 21
"c:\omnora OS\list_merchants.js", "JavaScript", 20, 0, 0, 0, 0, 0, 0, 0, 0, 0, 0, 0, 7, 27
"c:\omnora OS\log-awaits.js", "JavaScript", 31, 0, 0, 0, 0, 0, 0, 0, 0, 0, 0, 0, 7, 38
"c:\omnora OS\package-lock.json", "JSON", 0, 0, 881, 0, 0, 0, 0, 0, 0, 0, 0, 0, 1, 882
"c:\omnora OS\package.json", "JSON", 0, 0, 25, 0, 0, 0, 0, 0, 0, 0, 0, 0, 1, 26
"c:\omnora OS\scan-frontend-await.js", "JavaScript", 29, 0, 0, 0, 0, 0, 0, 0, 0, 0, 0, 2, 7, 38
"c:\omnora OS\scripts\check-environment.ps1", "PowerShell", 0, 0, 0, 0, 0, 0, 0, 0, 0, 0, 0, 0, 1, 1
"c:\omnora OS\scripts\start-backend.ps1", "PowerShell", 0, 0, 0, 0, 0, 0, 0, 0, 0, 0, 0, 0, 1, 1
"c:\omnora OS\sitemap.xml", "XML", 0, 0, 0, 0, 0, 0, 0, 18, 0, 0, 0, 0, 2, 20
"c:\omnora OS\spawn-esbuild-frontend.js", "JavaScript", 12, 0, 0, 0, 0, 0, 0, 0, 0, 0, 0, 0, 2, 14
"c:\omnora OS\spawn-esbuild.js", "JavaScript", 12, 0, 0, 0, 0, 0, 0, 0, 0, 0, 0, 0, 2, 14
"c:\omnora OS\start-dev.ps1", "PowerShell", 0, 0, 0, 0, 0, 0, 0, 0, 0, 0, 42, 8, 12, 62
"c:\omnora OS\storefront-export\components\Footer.css", "CSS", 0, 0, 0, 0, 0, 0, 0, 0, 248, 0, 0, 0, 39, 287
"c:\omnora OS\storefront-export\components\Footer.tsx", "TypeScript JSX", 0, 0, 0, 0, 0, 120, 0, 0, 0, 0, 0, 10, 15, 145
"c:\omnora OS\storefront-export\components\GlobalErrorBoundary.tsx", "TypeScript JSX", 0, 0, 0, 0, 0, 60, 0, 0, 0, 0, 0, 1, 12, 73
"c:\omnora OS\storefront-export\components\Layout.css", "CSS", 0, 0, 0, 0, 0, 0, 0, 0, 379, 0, 0, 0, 58, 437
"c:\omnora OS\storefront-export\components\Layout.tsx", "TypeScript JSX", 0, 0, 0, 0, 0, 241, 0, 0, 0, 0, 0, 27, 32, 300
"c:\omnora OS\storefront-export\components\StripePayment.tsx", "TypeScript JSX", 0, 0, 0, 0, 0, 82, 0, 0, 0, 0, 0, 2, 13, 97
"c:\omnora OS\storefront-export\components\cart\BuyButton.tsx", "TypeScript JSX", 0, 0, 0, 0, 0, 187, 0, 0, 0, 0, 0, 2, 20, 209
"c:\omnora OS\storefront-export\components\cart\CartDrawer.tsx", "TypeScript JSX", 0, 0, 0, 0, 0, 392, 0, 0, 0, 0, 0, 22, 30, 444
"c:\omnora OS\storefront-export\components\cart\CheckoutBlock.tsx", "TypeScript JSX", 0, 0, 0, 0, 0, 417, 0, 0, 0, 0, 0, 16, 42, 475
"c:\omnora OS\storefront-export\components\cart\OrderConfirmationBlock.tsx", "TypeScript JSX", 0, 0, 0, 0, 0, 225, 0, 0, 0, 0, 0, 16, 22, 263
"c:\omnora OS\storefront-export\components\cart\ProductCard.tsx", "TypeScript JSX", 0, 0, 0, 0, 0, 208, 0, 0, 0, 0, 0, 9, 17, 234
"c:\omnora OS\storefront-export\components\cart\ProductGrid.tsx", "TypeScript JSX", 0, 0, 0, 0, 0, 150, 0, 0, 0, 0, 0, 10, 18, 178
"c:\omnora OS\storefront-export\components\cart\ProductOptions.tsx", "TypeScript JSX", 0, 0, 0, 0, 0, 237, 0, 0, 0, 0, 0, 13, 22, 272
"c:\omnora OS\storefront-export\components\cart\SearchBar.tsx", "TypeScript JSX", 0, 0, 0, 0, 0, 204, 0, 0, 0, 0, 0, 6, 16, 226
"c:\omnora OS\storefront-export\components\cart\StoreHeader.tsx", "TypeScript JSX", 0, 0, 0, 0, 0, 203, 0, 0, 0, 0, 0, 10, 18, 231
"c:\omnora OS\storefront-export\components\home\ErrorBoundary.css", "CSS", 0, 0, 0, 0, 0, 0, 0, 0, 124, 0, 0, 0, 17, 141
"c:\omnora OS\storefront-export\components\home\HowItWorks.tsx", "TypeScript JSX", 0, 0, 0, 0, 0, 40, 0, 0, 0, 0, 0, 4, 5, 49
"c:\omnora OS\storefront-export\components\home\Newsletter.tsx", "TypeScript JSX", 0, 0, 0, 0, 0, 69, 0, 0, 0, 0, 0, 1, 8, 78
"c:\omnora OS\storefront-export\components\home\TechStack.css", "CSS", 0, 0, 0, 0, 0, 0, 0, 0, 389, 0, 0, 0, 54, 443
"c:\omnora OS\storefront-export\components\home\Testimonials.tsx", "TypeScript JSX", 0, 0, 0, 0, 0, 71, 0, 0, 0, 0, 0, 4, 7, 82
"c:\omnora OS\storefront-export\components\home\TrustSection.tsx", "TypeScript JSX", 0, 0, 0, 0, 0, 32, 0, 0, 0, 0, 0, 0, 2, 34
"c:\omnora OS\storefront-export\components\home\WhyUs.tsx", "TypeScript JSX", 0, 0, 0, 0, 0, 28, 0, 0, 0, 0, 0, 0, 3, 31
"c:\omnora OS\storefront-export\components\home\tech.tsx", "TypeScript JSX", 0, 0, 0, 0, 0, 147, 0, 0, 0, 0, 0, 9, 18, 174
"c:\omnora OS\storefront-export\components\home\testimonials.css", "CSS", 0, 0, 0, 0, 0, 0, 0, 0, 185, 0, 0, 0, 25, 210
"c:\omnora OS\storefront-export\components\storefront\CustomerDashboard.tsx", "TypeScript JSX", 0, 0, 0, 0, 0, 206, 0, 0, 0, 0, 0, 6, 24, 236
"c:\omnora OS\storefront-export\components\storefront\OmnoraBanner.tsx", "TypeScript JSX", 0, 0, 0, 0, 0, 47, 0, 0, 0, 0, 0, 3, 9, 59
"c:\omnora OS\storefront-export\components\storefront\ThankYouPage.tsx", "TypeScript JSX", 0, 0, 0, 0, 0, 199, 0, 0, 0, 0, 0, 2, 23, 224
"c:\omnora OS\storefront-export\context\CustomerAuthContext.tsx", "TypeScript JSX", 0, 0, 0, 0, 0, 125, 0, 0, 0, 0, 0, 6, 26, 157
"c:\omnora OS\storefront-export\context\StorefrontContext.tsx", "TypeScript JSX", 0, 0, 0, 0, 0, 421, 0, 0, 0, 0, 0, 9, 55, 485
"c:\omnora OS\storefront-export\pages\About.css", "CSS", 0, 0, 0, 0, 0, 0, 0, 0, 202, 0, 0, 0, 39, 241
"c:\omnora OS\storefront-export\pages\About.tsx", "TypeScript JSX", 0, 0, 0, 0, 0, 138, 0, 0, 0, 0, 0, 6, 15, 159
"c:\omnora OS\storefront-export\pages\Cart.css", "CSS", 0, 0, 0, 0, 0, 0, 0, 0, 222, 0, 0, 0, 36, 258
"c:\omnora OS\storefront-export\pages\Cart.tsx", "TypeScript JSX", 0, 0, 0, 0, 0, 177, 0, 0, 0, 0, 0, 0, 179, 356
"c:\omnora OS\storefront-export\pages\Checkout.css", "CSS", 0, 0, 0, 0, 0, 0, 0, 0, 322, 0, 0, 0, 41, 363
"c:\omnora OS\storefront-export\pages\Checkout.tsx", "TypeScript JSX", 0, 0, 0, 0, 0, 467, 0, 0, 0, 0, 0, 10, 43, 520
"c:\omnora OS\storefront-export\pages\Collection.css", "CSS", 0, 0, 0, 0, 0, 0, 0, 0, 554, 0, 0, 0, 91, 645
"c:\omnora OS\storefront-export\pages\Collection.tsx", "TypeScript JSX", 0, 0, 0, 0, 0, 139, 0, 0, 0, 0, 0, 9, 25, 173
"c:\omnora OS\storefront-export\pages\Home.tsx", "TypeScript JSX", 0, 0, 0, 0, 0, 261, 0, 0, 0, 0, 0, 14, 30, 305
"c:\omnora OS\storefront-export\pages\HomeWithAds.tsx", "TypeScript JSX", 0, 0, 0, 0, 0, 12, 0, 0, 0, 0, 0, 4, 6, 22
"c:\omnora OS\storefront-export\pages\OmnoraContact.css", "CSS", 0, 0, 0, 0, 0, 0, 0, 0, 201, 0, 0, 0, 36, 237
"c:\omnora OS\storefront-export\pages\OmnoraContact.tsx", "TypeScript JSX", 0, 0, 0, 0, 0, 162, 0, 0, 0, 0, 0, 5, 20, 187
"c:\omnora OS\storefront-export\pages\OmnoraFAQ.css", "CSS", 0, 0, 0, 0, 0, 0, 0, 0, 192, 0, 0, 0, 35, 227
"c:\omnora OS\storefront-export\pages\OmnoraFAQ.tsx", "TypeScript JSX", 0, 0, 0, 0, 0, 123, 0, 0, 0, 0, 0, 5, 18, 146
"c:\omnora OS\storefront-export\pages\OrderConfirmation.css", "CSS", 0, 0, 0, 0, 0, 0, 0, 0, 210, 0, 0, 0, 33, 243
"c:\omnora OS\storefront-export\pages\OrderConfirmation.tsx", "TypeScript JSX", 0, 0, 0, 0, 0, 149, 0, 0, 0, 0, 0, 13, 19, 181
"c:\omnora OS\storefront-export\pages\Privacy.tsx", "TypeScript JSX", 0, 0, 0, 0, 0, 41, 0, 0, 0, 0, 0, 0, 5, 46
"c:\omnora OS\storefront-export\pages\Product.css", "CSS", 0, 0, 0, 0, 0, 0, 0, 0, 241, 0, 0, 0, 37, 278
"c:\omnora OS\storefront-export\pages\Product.tsx", "TypeScript JSX", 0, 0, 0, 0, 0, 250, 0, 0, 0, 0, 0, 9, 35, 294
"c:\omnora OS\storefront-export\pages\SizeGuide.tsx", "TypeScript JSX", 0, 0, 0, 0, 0, 78, 0, 0, 0, 0, 0, 0, 5, 83
"c:\omnora OS\storefront-export\pages\Terms.tsx", "TypeScript JSX", 0, 0, 0, 0, 0, 45, 0, 0, 0, 0, 0, 0, 6, 51
"c:\omnora OS\storefront-export\pages\Wishlist.css", "CSS", 0, 0, 0, 0, 0, 0, 0, 0, 126, 0, 0, 0, 20, 146
"c:\omnora OS\storefront-export\pages\Wishlist.tsx", "TypeScript JSX", 0, 0, 0, 0, 0, 141, 0, 0, 0, 0, 0, 6, 17, 164
"c:\omnora OS\supabase\functions\ai-advisor\index.ts", "TypeScript", 0, 0, 0, 58, 0, 0, 0, 0, 0, 0, 0, 2, 17, 77
"c:\omnora OS\supabase\functions\create-checkout-session\index.ts", "TypeScript", 0, 0, 0, 76, 0, 0, 0, 0, 0, 0, 0, 5, 13, 94
"c:\omnora OS\supabase\functions\fetch-platform-stats\index.ts", "TypeScript", 0, 0, 0, 56, 0, 0, 0, 0, 0, 0, 0, 6, 15, 77
"c:\omnora OS\supabase\functions\generate-sitemap\index.ts", "TypeScript", 0, 0, 0, 56, 0, 0, 0, 0, 0, 0, 0, 7, 17, 80
"c:\omnora OS\supabase\functions\merchant-stripe-webhook\index.ts", "TypeScript", 0, 0, 0, 100, 0, 0, 0, 0, 0, 0, 0, 8, 26, 134
"c:\omnora OS\supabase\functions\meta-capi-proxy\index.ts", "TypeScript", 0, 0, 0, 77, 0, 0, 0, 0, 0, 0, 0, 9, 17, 103
"c:\omnora OS\supabase\functions\og-image\index.ts", "TypeScript", 0, 0, 0, 110, 0, 0, 0, 0, 0, 0, 0, 5, 8, 123
"c:\omnora OS\supabase\functions\process-merchant-checkout\index.ts", "TypeScript", 0, 0, 0, 80, 0, 0, 0, 0, 0, 0, 0, 6, 16, 102
"c:\omnora OS\supabase\functions\stripe-webhook\index.ts", "TypeScript", 0, 0, 0, 82, 0, 0, 0, 0, 0, 0, 0, 5, 19, 106
"c:\omnora OS\supabase\migrations\20260313_pim_schema.sql", "MS SQL", 0, 0, 0, 0, 0, 0, 0, 0, 0, 84, 0, 15, 10, 109
"c:\omnora OS\supabase_migrations.sql", "MS SQL", 0, 0, 0, 0, 0, 0, 0, 0, 0, 149, 0, 26, 31, 206
"c:\omnora OS\supabase_migrations_billing.sql", "MS SQL", 0, 0, 0, 0, 0, 0, 0, 0, 0, 16, 0, 1, 3, 20
"c:\omnora OS\supabase_migrations_capi.sql", "MS SQL", 0, 0, 0, 0, 0, 0, 0, 0, 0, 10, 0, 1, 2, 13
"c:\omnora OS\supabase_migrations_variants.sql", "MS SQL", 0, 0, 0, 0, 0, 0, 0, 0, 0, 2, 0, 1, 2, 5
"c:\omnora OS\syntax-audit.js", "JavaScript", 28, 0, 0, 0, 0, 0, 0, 0, 0, 0, 0, 1, 5, 34
"c:\omnora OS\test-parser.js", "JavaScript", 34, 0, 0, 0, 0, 0, 0, 0, 0, 0, 0, 2, 6, 42
"c:\omnora OS\test_api.js", "JavaScript", 41, 0, 0, 0, 0, 0, 0, 0, 0, 0, 0, 0, 7, 48
"c:\omnora OS\test_db.js", "JavaScript", 18, 0, 0, 0, 0, 0, 0, 0, 0, 0, 0, 0, 8, 26
"c:\omnora OS\test_login_controller.js", "JavaScript", 29, 0, 0, 0, 0, 0, 0, 0, 0, 0, 0, 1, 7, 37
"c:\omnora OS\test_login_debug.js", "JavaScript", 19, 0, 0, 0, 0, 0, 0, 0, 0, 0, 0, 0, 7, 26
"c:\omnora OS\tmp\verify_fix.js", "JavaScript", 13, 0, 0, 0, 0, 0, 0, 0, 0, 0, 0, 0, 3, 16
"c:\omnora OS\vercel.json", "JSON", 0, 0, 73, 0, 0, 0, 0, 0, 0, 0, 0, 0, 0, 73
"Total", "-", 28130, 2110, 72117, 10377, 17, 47554, 782, 46, 16693, 874, 42, 4322, 16345, 199409